{
  "properties": {
    "connectionReferences": {
      "shared_commondataserviceforapps": {
        "runtimeSource": "embedded",
        "connection": {
          "connectionReferenceLogicalName": "spexpire_DataverseInventoryandInactivity"
        },
        "api": {
          "name": "shared_commondataserviceforapps"
        }
      },
      "shared_approvals-1": {
        "runtimeSource": "embedded",
        "connection": {
          "connectionReferenceLogicalName": "spexpire_ApprovalsInventoryandInactivity"
        },
        "api": {
          "name": "shared_approvals"
        }
      }
    },
    "definition": {
      "$schema": "https://schema.management.azure.com/providers/Microsoft.Logic/schemas/2016-06-01/workflowdefinition.json#",
      "contentVersion": "1.0.0.0",
      "parameters": {
        "$authentication": {
          "defaultValue": {},
          "type": "SecureObject"
        },
        "$connections": {
          "defaultValue": {},
          "type": "Object"
        },
        "SP Expiration Fallback Admin (spexpire_SPExpirationFallbackAdmin)": {
          "defaultValue": "admin@M365x67607287.onmicrosoft.com",
          "type": "String",
          "metadata": {
            "schemaName": "spexpire_SPExpirationFallbackAdmin"
          }
        }
      },
      "triggers": {
        "Recurrence": {
          "recurrence": {
            "frequency": "Day",
            "interval": 1,
            "startTime": "2024-06-07T15:00:00Z"
          },
          "metadata": {
            "operationMetadataId": "f69c2f90-e36b-491b-8bf7-d85c081d4471"
          },
          "type": "Recurrence"
        }
      },
      "actions": {
        "List_rows": {
          "runAfter": {},
          "metadata": {
            "operationMetadataId": "84262ae9-fb0e-42f1-9590-b90d451579fc"
          },
          "type": "OpenApiConnection",
          "inputs": {
            "parameters": {
              "entityName": "spexpire_sharepointsiteexpirationses",
              "fetchXml": "<fetch>\n  <entity name=\"spexpire_sharepointsiteexpirations\">\n    <attribute name=\"spexpire_name\" />\n    <attribute name=\"spexpire_sharepointsiteexpirationsid\" />\n    <attribute name=\"spexpire_siteurl\" />\n    <attribute name=\"spexpire_sitelastmodified\" />\n    <attribute name=\"spexpire_groupid\" />\n    <attribute name=\"spexpire_approvalid\" />\n    <attribute name=\"spexpire_expirationstate\" />\n    <filter type=\"and\">\n      <condition attribute=\"spexpire_sitelastmodified\" operator=\"on-or-before\" value=\"@{addDays(utcNow(),-180,'yyyy-MM-dd')}\" />\n      <condition attribute=\"spexpire_isexempt\" operator=\"eq\" value=\"0\" />\n      <filter type=\"or\">\n        <condition attribute=\"spexpire_approvalresponsedate\" operator=\"on-or-before\" value=\"@{addDays(utcNow(),-180,'yyyy-MM-dd')}\" />\n        <condition attribute=\"spexpire_approvalresponsedate\" operator=\"null\" />\n      </filter>\n      <filter type=\"or\">\n        <condition attribute=\"spexpire_expirationstate\" operator=\"eq\" value=\"925000006\" />\n        <condition attribute=\"spexpire_expirationstate\" operator=\"eq\" value=\"925000003\" />\n      </filter>\n    </filter>\n  </entity>\n</fetch>"
            },
            "host": {
              "apiId": "/providers/Microsoft.PowerApps/apis/shared_commondataserviceforapps",
              "operationId": "ListRecords",
              "connectionName": "shared_commondataserviceforapps"
            }
          }
        },
        "Apply_to_each": {
          "foreach": "@outputs('List_rows')?['body/value']",
          "actions": {
            "Create_an_approval": {
              "runAfter": {
                "Found_Site_Owners": [
                  "Succeeded"
                ]
              },
              "metadata": {
                "operationMetadataId": "87b39148-df68-439c-98b2-41882db22dac"
              },
              "type": "OpenApiConnection",
              "inputs": {
                "parameters": {
                  "approvalType": "CustomResponse",
                  "ApprovalCreationInput/responseOptions": [
                    "Keep Site",
                    "Remove Site",
                    "Request Exclusion"
                  ],
                  "ApprovalCreationInput/title": "ACTION REQUIRED: @{item()?['spexpire_name']} Site Expiration",
                  "ApprovalCreationInput/assignedTo": "@{if(\r\n    empty(outputs('Found_Site_Owners')),\r\n    parameters('SP Expiration Fallback Admin (spexpire_SPExpirationFallbackAdmin)'),\r\n    outputs('Found_Site_Owners')\r\n)}",
                  "ApprovalCreationInput/details": "\nDear Site Owner,\n\nAs part of our ongoing efforts to optimize SharePoint site management, we have identified that your site has not been updated in the past six months. While we understand that some sites may contain important information that does not require frequent updates, it is essential to review and confirm the necessity of retaining such sites.\n\nTo manage storage effectively and mitigate the risk of retaining outdated or unnecessary information, we are implementing a policy to remove old and unused sites. As the owner of your site, it is imperative that you take action to prevent automatic removal.\n\nPlease use the options provided below to:\n- Keep the site active for another six months\n- Remove the site if it is no longer needed\n- Request exclusion from this process for special cases (note: this will require additional approval levels)\n\nYour prompt attention to this matter is crucial. If no action is taken, your site may be subject to automatic removal after a specified period.\n\nThank you for your cooperation and understanding.\n\nBest regards,\n\nSharePoint Administration Team",
                  "ApprovalCreationInput/itemLink": "@item()?['spexpire_siteurl']",
                  "ApprovalCreationInput/itemLinkDescription": "Open site @{item()?['spexpire_name']}",
                  "ApprovalCreationInput/enableNotifications": true,
                  "ApprovalCreationInput/enableReassignment": true
                },
                "host": {
                  "apiId": "/providers/Microsoft.PowerApps/apis/shared_approvals",
                  "operationId": "CreateAnApproval",
                  "connectionName": "shared_approvals-1"
                }
              }
            },
            "Site_Collection_Admins": {
              "runAfter": {
                "Site_Owners": [
                  "Succeeded"
                ]
              },
              "metadata": {
                "operationMetadataId": "61807576-0728-48a7-83bd-85dc8f8e111b"
              },
              "type": "Workflow",
              "inputs": {
                "host": {
                  "workflowReferenceName": "10c98a8d-e378-ee11-8179-000d3a1b97ad"
                },
                "body": {
                  "text": "@item()?['spexpire_siteurl']"
                }
              }
            },
            "Site_Owners": {
              "metadata": {
                "operationMetadataId": "6e8fab06-441a-43ef-b8b9-2acd547d7df0"
              },
              "type": "Workflow",
              "inputs": {
                "host": {
                  "workflowReferenceName": "9e777cab-e424-ef11-840a-7c1e52180364"
                },
                "body": {
                  "text": "@item()?['spexpire_siteurl']"
                }
              }
            },
            "Update_a_row": {
              "runAfter": {
                "Create_an_approval": [
                  "Succeeded"
                ]
              },
              "metadata": {
                "operationMetadataId": "b0b185d4-5b07-440b-9535-0e853e4569a4"
              },
              "type": "OpenApiConnection",
              "inputs": {
                "parameters": {
                  "entityName": "spexpire_sharepointsiteexpirationses",
                  "recordId": "@item()?['spexpire_sharepointsiteexpirationsid']",
                  "item/spexpire_approvalid": "@body('Create_an_approval')?['name']",
                  "item/spexpire_approvalstartdate": "@{utcNow()}",
                  "item/spexpire_expirationstate": 925000001
                },
                "host": {
                  "apiId": "/providers/Microsoft.PowerApps/apis/shared_commondataserviceforapps",
                  "operationId": "UpdateRecord",
                  "connectionName": "shared_commondataserviceforapps"
                }
              }
            },
            "Found_Site_Owners": {
              "runAfter": {
                "Site_Collection_Admins": [
                  "Succeeded"
                ]
              },
              "metadata": {
                "operationMetadataId": "576c3631-4bf8-44b0-a0a8-813c9f265b21"
              },
              "type": "Compose",
              "inputs": "@join(union(body('Site_Collection_Admins')?['admins'],body('Site_Owners')?['admins']),'; ')"
            }
          },
          "runAfter": {
            "List_rows": [
              "Succeeded"
            ]
          },
          "metadata": {
            "operationMetadataId": "81c9b108-8cb4-4558-aeed-66cd41d9c0cd"
          },
          "type": "Foreach"
        }
      }
    },
    "templateName": null
  },
  "schemaVersion": "1.0.0.0"
}