{
  "properties": {
    "connectionReferences": {
      "shared_commondataserviceforapps-1": {
        "runtimeSource": "embedded",
        "connection": {
          "connectionReferenceLogicalName": "spexpire_DataverseInventoryandInactivity"
        },
        "api": {
          "name": "shared_commondataserviceforapps"
        }
      },
      "shared_approvals-1": {
        "runtimeSource": "embedded",
        "connection": {
          "connectionReferenceLogicalName": "spexpire_ApprovalsInventoryandInactivity"
        },
        "api": {
          "name": "shared_approvals"
        }
      },
      "shared_office365-1": {
        "runtimeSource": "embedded",
        "connection": {
          "connectionReferenceLogicalName": "spexpire_OutlookInventoryandInactivity"
        },
        "api": {
          "name": "shared_office365"
        }
      }
    },
    "definition": {
      "$schema": "https://schema.management.azure.com/providers/Microsoft.Logic/schemas/2016-06-01/workflowdefinition.json#",
      "contentVersion": "1.0.0.0",
      "parameters": {
        "$authentication": {
          "defaultValue": {},
          "type": "SecureObject"
        },
        "$connections": {
          "defaultValue": {},
          "type": "Object"
        },
        "SP Expiration Fallback Admin (spexpire_SPExpirationFallbackAdmin)": {
          "defaultValue": "admin@M365x67607287.onmicrosoft.com",
          "type": "String",
          "metadata": {
            "schemaName": "spexpire_SPExpirationFallbackAdmin"
          }
        }
      },
      "triggers": {
        "When_a_row_is_added,_modified_or_deleted": {
          "metadata": {
            "operationMetadataId": "b9b4ef86-c303-4f95-ab58-380685167b10"
          },
          "type": "OpenApiConnectionWebhook",
          "inputs": {
            "parameters": {
              "subscriptionRequest/message": 3,
              "subscriptionRequest/entityname": "spexpire_sharepointsiteexpirations",
              "subscriptionRequest/scope": 4,
              "subscriptionRequest/name": "8b62c589-182f-ef11-840a-7c1e52180364"
            },
            "host": {
              "apiId": "/providers/Microsoft.PowerApps/apis/shared_commondataserviceforapps",
              "operationId": "SubscribeWebhookTrigger",
              "connectionName": "shared_commondataserviceforapps-1"
            }
          },
          "conditions": [
            {
              "expression": "@equals(triggerOutputs()?['body/spexpire_expirationstate'],925000009)"
            }
          ],
          "description": "@equals(triggerOutputs()?['body/spexpire_expirationstate'],925000009)"
        }
      },
      "actions": {
        "Start_and_wait_for_an_approval": {
          "runAfter": {
            "Get_Approval_Responses": [
              "Succeeded"
            ]
          },
          "limit": {
            "timeout": "P14D"
          },
          "metadata": {
            "operationMetadataId": "25a4c7d0-748d-437a-81a4-9a1ebb47fa2c"
          },
          "type": "OpenApiConnectionWebhook",
          "inputs": {
            "parameters": {
              "approvalType": "Basic",
              "WebhookApprovalCreationInput/title": "ACTION REQUIRED: Site Expiration Exemption Requested",
              "WebhookApprovalCreationInput/assignedTo": "@{parameters('SP Expiration Fallback Admin (spexpire_SPExpirationFallbackAdmin)')};",
              "WebhookApprovalCreationInput/details": "A request has been made to exclude a site from the clean up process.\n\n**Site Title**: @{triggerOutputs()?['body/spexpire_name']}\n**Site URL**: [@{triggerOutputs()?['body/spexpire_siteurl']}](@{triggerOutputs()?['body/spexpire_siteurl']})\n**Last Modified**: @{formatDateTime(triggerOutputs()?['body/spexpire_sitelastmodified'],'Y')}\n**Requested By**: @{first(outputs('Get_Approval_Responses')?['body/value'])?['_ownerid_value@OData.Community.Display.V1.FormattedValue']}\n**Justification**: @{first(outputs('Get_Approval_Responses')?['body/value'])?['msdyn_flow_approvalresponse_comments']}\n\n**Review Process:**\n- You will receive exclusion requests from site owners who wish to retain their sites permanently.\n- Each request will include the site URL and a justification for retention.\n- Evaluate the requests based on the site's ongoing value to the organization and adherence to digital governance policies.\n\n**Criteria for Approval:**\n- The site's active usage and contribution to organizational goals.\n- Compliance with data management and security standards.\n- Evidence of the site's necessity for future projects or operations.\n\n**Action Required:**\n- Approve or deny requests based on the criteria above.\n- Communicate your decision to the site owner with a clear explanation, especially if a request is denied.\n- Ensure all decisions are made by **@{addDays(utcNow(),14,'D')}** to maintain the cleanup schedule.\n\nYour role is crucial in balancing the need for a streamlined SharePoint environment with the preservation of valuable digital assets. We trust your judgment and appreciate your dedication to this task.",
              "WebhookApprovalCreationInput/itemLink": "@triggerOutputs()?['body/spexpire_siteurl']",
              "WebhookApprovalCreationInput/itemLinkDescription": "Open Site (you may not have permission)",
              "WebhookApprovalCreationInput/enableNotifications": true,
              "WebhookApprovalCreationInput/enableReassignment": true
            },
            "host": {
              "apiId": "/providers/Microsoft.PowerApps/apis/shared_approvals",
              "operationId": "StartAndWaitForAnApproval",
              "connectionName": "shared_approvals-1"
            }
          }
        },
        "Get_approval_details": {
          "runAfter": {},
          "metadata": {
            "operationMetadataId": "a43df473-8e13-47d8-8465-4510a9fff1ba"
          },
          "type": "OpenApiConnection",
          "inputs": {
            "parameters": {
              "entityName": "msdyn_flow_approvals",
              "recordId": "@triggerOutputs()?['body/spexpire_approvalid']"
            },
            "host": {
              "apiId": "/providers/Microsoft.PowerApps/apis/shared_commondataserviceforapps",
              "operationId": "GetItem",
              "connectionName": "shared_commondataserviceforapps-1"
            }
          }
        },
        "Get_Approval_Responses": {
          "runAfter": {
            "Get_approval_details": [
              "Succeeded"
            ]
          },
          "metadata": {
            "operationMetadataId": "cdfe92c3-7919-4616-9825-ef7b40c145d8"
          },
          "type": "OpenApiConnection",
          "inputs": {
            "parameters": {
              "entityName": "msdyn_flow_approvalresponses",
              "$filter": "msdyn_flow_approvalresponseidx_approvalid eq @{outputs('Get_approval_details')?['body/msdyn_flow_approvalid']} and msdyn_flow_approvalresponse_response eq '@{triggerOutputs()?['body/spexpire_approvalresponse']}'"
            },
            "host": {
              "apiId": "/providers/Microsoft.PowerApps/apis/shared_commondataserviceforapps",
              "operationId": "ListRecords",
              "connectionName": "shared_commondataserviceforapps-1"
            }
          }
        },
        "Switch": {
          "runAfter": {
            "Get_User": [
              "Succeeded"
            ]
          },
          "cases": {
            "Case_Approve": {
              "case": "Approve",
              "actions": {
                "Update_Approval": {
                  "metadata": {
                    "operationMetadataId": "5d8c66a6-5dc3-4015-be30-b3b6ab6ffb09"
                  },
                  "type": "OpenApiConnection",
                  "inputs": {
                    "parameters": {
                      "entityName": "spexpire_sharepointsiteexpirationses",
                      "recordId": "@triggerOutputs()?['body/spexpire_sharepointsiteexpirationsid']",
                      "item/spexpire_expirationstate": 925000003,
                      "item/spexpire_isexempt": true
                    },
                    "host": {
                      "apiId": "/providers/Microsoft.PowerApps/apis/shared_commondataserviceforapps",
                      "operationId": "UpdateRecord",
                      "connectionName": "shared_commondataserviceforapps-1"
                    }
                  }
                },
                "Send_an_email_(V2)_2": {
                  "runAfter": {
                    "Update_Approval": [
                      "Succeeded"
                    ]
                  },
                  "metadata": {
                    "operationMetadataId": "cfe71b3a-d7f0-41f7-ae85-337881c2e4be"
                  },
                  "type": "OpenApiConnection",
                  "inputs": {
                    "parameters": {
                      "emailMessage/To": "@outputs('Get_User')?['body/internalemailaddress']",
                      "emailMessage/Subject": "Site Expiration Exemption Approved",
                      "emailMessage/Body": "<p>We are pleased to inform you that your request to exclude @{triggerOutputs()?['body/spexpire_siteurl']} from the SharePoint cleanup process has been approved. Your site will be permanently retained within our SharePoint environment.<br>\n<br>\nYour justification for the site's retention, along with the supporting documentation you provided, has demonstrated its ongoing value and necessity for our organization's operations. We acknowledge the importance of preserving such valuable digital assets.<br>\n<br>\n@{outputs('Start_and_wait_for_an_approval')?['body/responseSummary']}<br>\n<br>\nThere is no further action required from you at this point. Your site will not be affected by the upcoming cleanup process, and you may continue to use and maintain it as usual.<br>\n<br>\nWe appreciate your proactive steps to ensure the continuity of your site and thank you for your contribution to our digital workspace.</p>",
                      "emailMessage/Importance": "Normal"
                    },
                    "host": {
                      "apiId": "/providers/Microsoft.PowerApps/apis/shared_office365",
                      "operationId": "SendEmailV2",
                      "connectionName": "shared_office365-1"
                    }
                  }
                }
              }
            },
            "Case_Reject": {
              "case": "Reject",
              "actions": {
                "Update_removal": {
                  "runAfter": {
                    "Delay_3_days": [
                      "Succeeded"
                    ]
                  },
                  "metadata": {
                    "operationMetadataId": "ccee81bb-afb6-4b72-991f-ba24d871fac7"
                  },
                  "type": "OpenApiConnection",
                  "inputs": {
                    "parameters": {
                      "entityName": "spexpire_sharepointsiteexpirationses",
                      "recordId": "@triggerOutputs()?['body/spexpire_sharepointsiteexpirationsid']",
                      "item/spexpire_expirationstate": 925000004
                    },
                    "host": {
                      "apiId": "/providers/Microsoft.PowerApps/apis/shared_commondataserviceforapps",
                      "operationId": "UpdateRecord",
                      "connectionName": "shared_commondataserviceforapps-1"
                    }
                  }
                },
                "Send_an_email_(V2)": {
                  "metadata": {
                    "operationMetadataId": "f5dcffd0-4842-4ada-bc8c-de7deb20940e"
                  },
                  "type": "OpenApiConnection",
                  "inputs": {
                    "parameters": {
                      "emailMessage/To": "@outputs('Get_User')?['body/internalemailaddress']",
                      "emailMessage/Subject": "Site Expiration Exeption Rejected",
                      "emailMessage/Body": "<p>Thank you for submitting your request to exclude your site from the upcoming SharePoint cleanup process. We have carefully reviewed your application against our criteria for ongoing value, compliance with governance policies, and necessity for future operations.<br>\n<br>\n**Site Title**: @{triggerOutputs()?['body/spexpire_name']}<br>\n**Site URL**: [@{triggerOutputs()?['body/spexpire_siteurl']}](@{triggerOutputs()?['body/spexpire_siteurl']})<br>\n<br>\nAfter thorough consideration, we regret to inform you that your request to exclude @{triggerOutputs()?['body/spexpire_siteurl']} from the cleanup process has not been approved. While we recognize the efforts you have put into maintaining your site, it does not meet the required criteria for permanent retention at this time.<br>\n<br>\n@{outputs('Start_and_wait_for_an_approval')?['body/responseSummary']}<br>\n<br>\nWe understand this may be disappointing news, and we want to assure you that this decision was not made lightly. Our goal is to streamline our SharePoint environment to ensure efficiency and manageability for all users.<br>\n<br>\nPlease note that the site will be **scheduled for removal on @{addDays(utcNow(), 3, 'D')}**. We encourage you to migrate any essential content to an active site or archive it accordingly before this date.<br>\n<br>\nIf you have any questions or need assistance with content migration, please do not hesitate to reach out to the SharePoint administration team.</p>",
                      "emailMessage/Importance": "Normal"
                    },
                    "host": {
                      "apiId": "/providers/Microsoft.PowerApps/apis/shared_office365",
                      "operationId": "SendEmailV2",
                      "connectionName": "shared_office365-1"
                    }
                  }
                },
                "Delay_3_days": {
                  "runAfter": {
                    "Send_an_email_(V2)": [
                      "Succeeded"
                    ]
                  },
                  "metadata": {
                    "operationMetadataId": "f6c37089-3495-4305-bb66-19fbb529e7c6"
                  },
                  "type": "Wait",
                  "inputs": {
                    "interval": {
                      "count": 3,
                      "unit": "Day"
                    }
                  }
                }
              }
            }
          },
          "default": {
            "actions": {
              "Update_a_row": {
                "metadata": {
                  "operationMetadataId": "368939cf-bee9-4079-b9e8-99d0ba66e015"
                },
                "type": "OpenApiConnection",
                "inputs": {
                  "parameters": {
                    "entityName": "spexpire_sharepointsiteexpirationses",
                    "recordId": "@triggerOutputs()?['body/spexpire_sharepointsiteexpirationsid']",
                    "item/spexpire_expirationstate": 925000006
                  },
                  "host": {
                    "apiId": "/providers/Microsoft.PowerApps/apis/shared_commondataserviceforapps",
                    "operationId": "UpdateRecord",
                    "connectionName": "shared_commondataserviceforapps-1"
                  }
                },
                "description": "Approval Timed out, start the whole process over"
              }
            }
          },
          "expression": "@outputs('Start_and_wait_for_an_approval')?['body/outcome']",
          "metadata": {
            "operationMetadataId": "82dd3502-bcaa-4256-9adf-db312ba16572"
          },
          "type": "Switch"
        },
        "Get_User": {
          "runAfter": {
            "Start_and_wait_for_an_approval": [
              "Succeeded"
            ]
          },
          "metadata": {
            "operationMetadataId": "2d4087a5-52d3-41f7-99e2-67cfdd818590"
          },
          "type": "OpenApiConnection",
          "inputs": {
            "parameters": {
              "entityName": "systemusers",
              "recordId": "@first(outputs('Get_Approval_Responses')?['body/value'])?['_ownerid_value']"
            },
            "host": {
              "apiId": "/providers/Microsoft.PowerApps/apis/shared_commondataserviceforapps",
              "operationId": "GetItem",
              "connectionName": "shared_commondataserviceforapps-1"
            }
          }
        }
      },
      "outputs": {}
    },
    "templateName": null
  },
  "schemaVersion": "1.0.0.0"
}