{
  "properties": {
    "connectionReferences": {
      "shared_commondataserviceforapps-1": {
        "runtimeSource": "embedded",
        "connection": {
          "connectionReferenceLogicalName": "spexpire_DataverseInventoryandInactivity"
        },
        "api": {
          "name": "shared_commondataserviceforapps"
        }
      }
    },
    "definition": {
      "$schema": "https://schema.management.azure.com/providers/Microsoft.Logic/schemas/2016-06-01/workflowdefinition.json#",
      "contentVersion": "1.0.0.0",
      "parameters": {
        "$authentication": {
          "defaultValue": {},
          "type": "SecureObject"
        },
        "$connections": {
          "defaultValue": {},
          "type": "Object"
        }
      },
      "triggers": {
        "When_a_row_is_added,_modified_or_deleted": {
          "metadata": {
            "operationMetadataId": "d68cc9d8-ca0f-49b1-8e31-f5c6281afea1"
          },
          "type": "OpenApiConnectionWebhook",
          "inputs": {
            "parameters": {
              "subscriptionRequest/message": 3,
              "subscriptionRequest/entityname": "msdyn_flow_approval",
              "subscriptionRequest/scope": 4,
              "subscriptionRequest/name": "6d51c7ef-0925-ef11-840a-7c1e52180364"
            },
            "host": {
              "apiId": "/providers/Microsoft.PowerApps/apis/shared_commondataserviceforapps",
              "operationId": "SubscribeWebhookTrigger",
              "connectionName": "shared_commondataserviceforapps-1"
            }
          }
        }
      },
      "actions": {
        "Find_Related_Site_Expiration": {
          "runAfter": {},
          "metadata": {
            "operationMetadataId": "ada58620-a6a8-4b09-b66d-c0103a498446"
          },
          "type": "OpenApiConnection",
          "inputs": {
            "parameters": {
              "entityName": "spexpire_sharepointsiteexpirationses",
              "$filter": "spexpire_approvalid eq '@{triggerOutputs()?['body/msdyn_flow_approvalid']}'"
            },
            "host": {
              "apiId": "/providers/Microsoft.PowerApps/apis/shared_commondataserviceforapps",
              "operationId": "ListRecords",
              "connectionName": "shared_commondataserviceforapps-1"
            }
          }
        },
        "Condition": {
          "actions": {
            "Site_Expiration": {
              "metadata": {
                "operationMetadataId": "4ca6144b-c54c-491c-92fb-86e3473c324a"
              },
              "type": "Compose",
              "inputs": "@first(outputs('Find_Related_Site_Expiration')?['body/value'])"
            },
            "Result_Not_Null": {
              "actions": {
                "Switch": {
                  "cases": {
                    "Case_Keep_Site": {
                      "case": "Keep Site",
                      "actions": {
                        "Update_a_keep_site": {
                          "metadata": {
                            "operationMetadataId": "d017426e-2763-46a1-b887-a02864e426aa"
                          },
                          "type": "OpenApiConnection",
                          "inputs": {
                            "parameters": {
                              "entityName": "spexpire_sharepointsiteexpirationses",
                              "recordId": "@outputs('Site_Expiration')?['spexpire_sharepointsiteexpirationsid']",
                              "item/spexpire_approvalresponse": "@{triggerOutputs()?['body/msdyn_flow_approval_result']}",
                              "item/spexpire_approvalresponsedate": "@{triggerOutputs()?['body/msdyn_flow_approval_completedon']}",
                              "item/spexpire_expirationstate": 925000003
                            },
                            "host": {
                              "apiId": "/providers/Microsoft.PowerApps/apis/shared_commondataserviceforapps",
                              "operationId": "UpdateRecord",
                              "connectionName": "shared_commondataserviceforapps-1"
                            }
                          }
                        }
                      }
                    },
                    "Case_Remove_Site": {
                      "case": "Remove Site",
                      "actions": {
                        "Update_remove_a_site": {
                          "metadata": {
                            "operationMetadataId": "c2b0383a-1cd4-4f51-a441-c2ce50d7ae5f"
                          },
                          "type": "OpenApiConnection",
                          "inputs": {
                            "parameters": {
                              "entityName": "spexpire_sharepointsiteexpirationses",
                              "recordId": "@outputs('Site_Expiration')?['spexpire_sharepointsiteexpirationsid']",
                              "item/spexpire_approvalresponse": "@{triggerOutputs()?['body/msdyn_flow_approval_result']}",
                              "item/spexpire_approvalresponsedate": "@{triggerOutputs()?['body/msdyn_flow_approval_completedon']}",
                              "item/spexpire_expirationstate": 925000004
                            },
                            "host": {
                              "apiId": "/providers/Microsoft.PowerApps/apis/shared_commondataserviceforapps",
                              "operationId": "UpdateRecord",
                              "connectionName": "shared_commondataserviceforapps-1"
                            }
                          }
                        }
                      }
                    },
                    "Case_Request_Exclusion": {
                      "case": "Request Exclusion",
                      "actions": {
                        "Update_request_exempt": {
                          "metadata": {
                            "operationMetadataId": "4f471a54-fe61-4791-acf5-c888bf2ec326"
                          },
                          "type": "OpenApiConnection",
                          "inputs": {
                            "parameters": {
                              "entityName": "spexpire_sharepointsiteexpirationses",
                              "recordId": "@outputs('Site_Expiration')?['spexpire_sharepointsiteexpirationsid']",
                              "item/spexpire_approvalresponse": "@triggerOutputs()?['body/msdyn_flow_approval_result']",
                              "item/spexpire_approvalresponsedate": "@triggerOutputs()?['body/msdyn_flow_approval_completedon']",
                              "item/spexpire_expirationstate": 925000009
                            },
                            "host": {
                              "apiId": "/providers/Microsoft.PowerApps/apis/shared_commondataserviceforapps",
                              "operationId": "UpdateRecord",
                              "connectionName": "shared_commondataserviceforapps-1"
                            }
                          }
                        }
                      }
                    }
                  },
                  "default": {
                    "actions": {}
                  },
                  "expression": "@triggerOutputs()?['body/msdyn_flow_approval_result']",
                  "metadata": {
                    "operationMetadataId": "a6d57278-362e-4db5-ab9b-ea5b781bff93"
                  },
                  "type": "Switch"
                }
              },
              "runAfter": {
                "Site_Expiration": [
                  "Succeeded"
                ]
              },
              "else": {
                "actions": {}
              },
              "expression": {
                "and": [
                  {
                    "not": {
                      "equals": [
                        "@triggerBody()?['msdyn_flow_approval_result']",
                        "@null"
                      ]
                    }
                  }
                ]
              },
              "metadata": {
                "operationMetadataId": "7d327632-134c-44a7-b423-82bbb865c61b"
              },
              "type": "If"
            }
          },
          "runAfter": {
            "Find_Related_Site_Expiration": [
              "Succeeded"
            ]
          },
          "else": {
            "actions": {}
          },
          "expression": {
            "equals": [
              "@length(outputs('Find_Related_Site_Expiration')?['body/value'])",
              1
            ]
          },
          "metadata": {
            "operationMetadataId": "9e825fd2-5f1f-45a8-afaf-899183786989"
          },
          "type": "If"
        }
      }
    },
    "templateName": null
  },
  "schemaVersion": "1.0.0.0"
}