{
  "properties": {
    "connectionReferences": {
      "shared_commondataserviceforapps": {
        "runtimeSource": "embedded",
        "connection": {
          "connectionReferenceLogicalName": "spexpire_DataverseInventoryandInactivity"
        },
        "api": {
          "name": "shared_commondataserviceforapps"
        }
      }
    },
    "definition": {
      "$schema": "https://schema.management.azure.com/providers/Microsoft.Logic/schemas/2016-06-01/workflowdefinition.json#",
      "contentVersion": "1.0.0.0",
      "parameters": {
        "$authentication": {
          "defaultValue": {},
          "type": "SecureObject"
        },
        "$connections": {
          "defaultValue": {},
          "type": "Object"
        },
        "SP Inventory Client Id (spexpire_SPInventoryClientId)": {
          "defaultValue": "25f34c4b-076a-408c-9ff8-256472807e13",
          "type": "String",
          "metadata": {
            "schemaName": "spexpire_SPInventoryClientId"
          }
        },
        "SP Inventory Tenant Id (spexpire_SPInventoryTenantId)": {
          "defaultValue": "0dd2c696-50cd-4a18-868b-6ffdf9788de8",
          "type": "String",
          "metadata": {
            "schemaName": "spexpire_SPInventoryTenantId"
          }
        }
      },
      "triggers": {
        "manual": {
          "metadata": {
            "operationMetadataId": "cbfe8893-5e61-4f5c-af1b-b2810c3b2269"
          },
          "type": "Request",
          "kind": "Button",
          "inputs": {
            "schema": {
              "type": "object",
              "properties": {
                "text": {
                  "title": "Site URL",
                  "type": "string",
                  "x-ms-dynamically-added": true,
                  "description": "Please enter your input",
                  "x-ms-content-hint": "TEXT"
                }
              },
              "required": [
                "text"
              ]
            }
          }
        }
      },
      "actions": {
        "Initialize_Admins_Collection": {
          "runAfter": {},
          "metadata": {
            "operationMetadataId": "58d33726-882f-4273-9702-8e4eb5231f45"
          },
          "type": "InitializeVariable",
          "inputs": {
            "variables": [
              {
                "name": "Admins Collection",
                "type": "array",
                "value": []
              }
            ]
          }
        },
        "Respond_to_a_PowerApp_or_flow": {
          "runAfter": {
            "Try": [
              "Succeeded",
              "TimedOut",
              "Skipped",
              "Failed"
            ]
          },
          "metadata": {
            "operationMetadataId": "b1c9523b-d449-46e9-b658-ad7ca0ec8eff"
          },
          "type": "Response",
          "kind": "PowerApp",
          "inputs": {
            "schema": {
              "type": "object",
              "properties": {
                "admins": {
                  "title": "Admins",
                  "x-ms-dynamically-added": true,
                  "type": "string"
                }
              },
              "additionalProperties": {}
            },
            "statusCode": 200,
            "body": {
              "admins": "@union(variables('Admins Collection'),variables('Admins Collection'))"
            }
          }
        },
        "Try": {
          "actions": {
            "Site_Admins_Response": {
              "runAfter": {
                "Get_Site_Owners": [
                  "Succeeded"
                ]
              },
              "metadata": {
                "operationMetadataId": "2c468051-b3e3-4ef7-8493-947263e48c4c"
              },
              "type": "ParseJson",
              "inputs": {
                "content": "@body('Get_Site_Owners')",
                "schema": {
                  "type": "object",
                  "properties": {
                    "value": {
                      "type": "array",
                      "items": {
                        "type": "object",
                        "properties": {
                          "Id": {
                            "type": "integer"
                          },
                          "LoginName": {
                            "type": "string"
                          },
                          "Title": {
                            "type": "string"
                          },
                          "PrincipalType": {
                            "type": "integer"
                          },
                          "Email": {
                            "type": [
                              "string",
                              "null"
                            ]
                          },
                          "IsEmailAuthenticationGuestUser": {
                            "type": "boolean"
                          },
                          "IsShareByEmailGuestUser": {
                            "type": "boolean"
                          },
                          "IsSiteAdmin": {
                            "type": "boolean"
                          },
                          "UserPrincipalName": {
                            "type": [
                              "string",
                              "null"
                            ]
                          }
                        }
                      }
                    }
                  }
                }
              }
            },
            "For_each_admin": {
              "foreach": "@outputs('Site_Admins_Response')?['body']?['value']",
              "actions": {
                "Switch_on_PrincipalType": {
                  "cases": {
                    "Case_User": {
                      "case": 1,
                      "actions": {
                        "Append_User_to_Site_Admins": {
                          "metadata": {
                            "operationMetadataId": "cc8d3a16-5e8b-4777-af15-a3339fd57c5b"
                          },
                          "type": "AppendToArrayVariable",
                          "inputs": {
                            "name": "Admins Collection",
                            "value": "@item()?['UserPrincipalName']"
                          }
                        }
                      }
                    },
                    "Case_Security_Group": {
                      "case": 4,
                      "actions": {
                        "Compose_Group_Id": {
                          "metadata": {
                            "operationMetadataId": "2fd0851f-a018-4bec-92ae-89bd05753501"
                          },
                          "type": "Compose",
                          "inputs": "@split(split(item()?['LoginName'],'|')[2],'_')[0]"
                        },
                        "Group_Owners_Response": {
                          "runAfter": {
                            "Get_Group_Owners": [
                              "Succeeded"
                            ]
                          },
                          "metadata": {
                            "operationMetadataId": "3be691c8-c003-4151-91d2-484f793b5a65"
                          },
                          "type": "ParseJson",
                          "inputs": {
                            "content": "@body('Get_Group_Owners')",
                            "schema": {
                              "type": "object",
                              "properties": {
                                "value": {
                                  "type": "array",
                                  "items": {
                                    "type": "object",
                                    "properties": {
                                      "id": {
                                        "type": "string"
                                      },
                                      "displayName": {
                                        "type": "string"
                                      },
                                      "userPrincipalName": {
                                        "type": "string"
                                      }
                                    },
                                    "required": [
                                      "id",
                                      "displayName",
                                      "userPrincipalName"
                                    ]
                                  }
                                }
                              }
                            }
                          }
                        },
                        "For_each_group_owner": {
                          "foreach": "@body('Group_Owners_Response')?['value']",
                          "actions": {
                            "Append_group_owner_to_Site_Admins": {
                              "metadata": {
                                "operationMetadataId": "61310373-6d47-4abc-b438-42beaf9f9901"
                              },
                              "type": "AppendToArrayVariable",
                              "inputs": {
                                "name": "Admins Collection",
                                "value": "@item()?['userPrincipalName']"
                              }
                            }
                          },
                          "runAfter": {
                            "Group_Owners_Response": [
                              "Succeeded"
                            ]
                          },
                          "metadata": {
                            "operationMetadataId": "2ff0b8f1-ddf7-463c-9d95-0f129ad0626a"
                          },
                          "type": "Foreach"
                        },
                        "Get_Group_Owners": {
                          "runAfter": {
                            "Compose_Group_Id": [
                              "Succeeded"
                            ]
                          },
                          "type": "Http",
                          "inputs": {
                            "uri": "https://graph.microsoft.com/v1.0/groups/@{outputs('Compose_Group_Id')}/owners?$select=displayName,userPrincipalName,id",
                            "method": "GET",
                            "headers": {
                              "Accept": "application/json",
                              "Content-Type": "application/json"
                            },
                            "authentication": {
                              "type": "ActiveDirectoryOAuth",
                              "authority": "",
                              "tenant": "@{parameters('SP Inventory Tenant Id (spexpire_SPInventoryTenantId)')}",
                              "audience": "https://graph.microsoft.com",
                              "clientId": "@{parameters('SP Inventory Client Id (spexpire_SPInventoryClientId)')}",
                              "pfx": "@{body('Get_Certificate')?['EnvironmentVariableSecretValue']}",
                              "password": ""
                            }
                          },
                          "runtimeConfiguration": {
                            "contentTransfer": {
                              "transferMode": "Chunked"
                            }
                          }
                        }
                      }
                    }
                  },
                  "default": {
                    "actions": {}
                  },
                  "expression": "@item()?['PrincipalType']",
                  "metadata": {
                    "operationMetadataId": "73e515b7-560a-4816-83a4-48b7e72670a5"
                  },
                  "type": "Switch"
                }
              },
              "runAfter": {
                "Site_Admins_Response": [
                  "Succeeded"
                ]
              },
              "metadata": {
                "operationMetadataId": "dae9277b-de36-4f78-8b44-d8b06124225f"
              },
              "type": "Foreach"
            },
            "Get_Owners_Group": {
              "type": "Http",
              "inputs": {
                "uri": "@{triggerBody()?['text']}/_api/web/AssociatedOwnerGroup/Id",
                "method": "GET",
                "headers": {
                  "Accept": "application/json;odata=nometadata"
                },
                "authentication": {
                  "type": "ActiveDirectoryOAuth",
                  "authority": "",
                  "tenant": "@{parameters('SP Inventory Tenant Id (spexpire_SPInventoryTenantId)')}",
                  "audience": "@{outputs('Hostname')}",
                  "clientId": "@{parameters('SP Inventory Client Id (spexpire_SPInventoryClientId)')}",
                  "pfx": "@{body('Get_Certificate')?['EnvironmentVariableSecretValue']}",
                  "password": ""
                }
              },
              "runtimeConfiguration": {
                "contentTransfer": {
                  "transferMode": "Chunked"
                }
              }
            },
            "Owners_Group_Id": {
              "runAfter": {
                "Get_Owners_Group": [
                  "Succeeded"
                ]
              },
              "type": "ParseJson",
              "inputs": {
                "content": "@body('Get_Owners_Group')",
                "schema": {
                  "type": "object",
                  "properties": {
                    "value": {
                      "type": "integer"
                    }
                  }
                }
              }
            },
            "Get_Site_Owners": {
              "runAfter": {
                "Owners_Group_Id": [
                  "Succeeded"
                ]
              },
              "type": "Http",
              "inputs": {
                "uri": "@{triggerBody()?['text']}/_api/Web/SiteGroups/GetById(@{body('Owners_Group_Id')?['value']})/Users",
                "method": "GET",
                "headers": {
                  "Accept": "application/json;odata=nometadata"
                },
                "authentication": {
                  "type": "ActiveDirectoryOAuth",
                  "authority": "",
                  "tenant": "@{parameters('SP Inventory Tenant Id (spexpire_SPInventoryTenantId)')}",
                  "audience": "@{outputs('Hostname')}",
                  "clientId": "@{parameters('SP Inventory Client Id (spexpire_SPInventoryClientId)')}",
                  "pfx": "@{body('Get_Certificate')?['EnvironmentVariableSecretValue']}",
                  "password": ""
                }
              },
              "runtimeConfiguration": {
                "contentTransfer": {
                  "transferMode": "Chunked"
                }
              }
            }
          },
          "runAfter": {
            "Get_Certificate": [
              "Succeeded"
            ]
          },
          "metadata": {
            "operationMetadataId": "a5ef0948-fb14-4147-97b3-2840881809b3"
          },
          "type": "Scope"
        },
        "Hostname": {
          "runAfter": {
            "Initialize_Admins_Collection": [
              "Succeeded"
            ]
          },
          "type": "Compose",
          "inputs": "@if(\r\n    not(equals(\r\n        nthIndexOf(\r\n            triggerBody()?['text'],\r\n            '/',\r\n            3\r\n        ),\r\n        -1\r\n    )),\r\n    substring(\r\n        triggerBody()?['text'],\r\n        0,\r\n        nthIndexOf(\r\n            triggerBody()?['text'],\r\n            '/',\r\n            3\r\n        )\r\n    ),\r\n    triggerBody()?['text']\r\n)"
        },
        "Get_Certificate": {
          "runAfter": {
            "Hostname": [
              "Succeeded"
            ]
          },
          "type": "OpenApiConnection",
          "inputs": {
            "parameters": {
              "actionName": "RetrieveEnvironmentVariableSecretValue",
              "item/EnvironmentVariableName": "spexpire_EntraAppCert"
            },
            "host": {
              "apiId": "/providers/Microsoft.PowerApps/apis/shared_commondataserviceforapps",
              "operationId": "PerformUnboundAction",
              "connectionName": "shared_commondataserviceforapps"
            }
          },
          "runtimeConfiguration": {
            "secureData": {
              "properties": [
                "outputs"
              ]
            }
          }
        }
      }
    },
    "templateName": null
  },
  "schemaVersion": "1.0.0.0"
}