{
  "properties": {
    "connectionReferences": {
      "shared_commondataserviceforapps": {
        "runtimeSource": "embedded",
        "connection": {
          "connectionReferenceLogicalName": "spexpire_DataverseInventoryandInactivity"
        },
        "api": {
          "name": "shared_commondataserviceforapps"
        }
      }
    },
    "definition": {
      "$schema": "https://schema.management.azure.com/providers/Microsoft.Logic/schemas/2016-06-01/workflowdefinition.json#",
      "contentVersion": "1.0.0.0",
      "parameters": {
        "$authentication": {
          "defaultValue": {},
          "type": "SecureObject"
        },
        "$connections": {
          "defaultValue": {},
          "type": "Object"
        },
        "SP Inventory Client Id (spexpire_SPInventoryClientId)": {
          "defaultValue": "25f34c4b-076a-408c-9ff8-256472807e13",
          "type": "String",
          "metadata": {
            "schemaName": "spexpire_SPInventoryClientId"
          }
        },
        "SP Inventory Tenant Id (spexpire_SPInventoryTenantId)": {
          "defaultValue": "0dd2c696-50cd-4a18-868b-6ffdf9788de8",
          "type": "String",
          "metadata": {
            "schemaName": "spexpire_SPInventoryTenantId"
          }
        }
      },
      "triggers": {
        "manual": {
          "metadata": {
            "operationMetadataId": "1d869778-771c-49d9-b077-21654ecf1341"
          },
          "type": "Request",
          "kind": "Button",
          "inputs": {
            "schema": {
              "type": "object",
              "properties": {
                "text": {
                  "title": "Site URL",
                  "type": "string",
                  "x-ms-dynamically-added": true,
                  "description": "Please enter your input",
                  "x-ms-content-hint": "TEXT"
                },
                "text_1": {
                  "title": "Group Id",
                  "type": "string",
                  "x-ms-dynamically-added": true,
                  "description": "Please enter your input",
                  "x-ms-content-hint": "TEXT"
                },
                "text_2": {
                  "title": "Site Id",
                  "type": "string",
                  "x-ms-dynamically-added": true,
                  "description": "Please enter your input",
                  "x-ms-content-hint": "TEXT"
                },
                "text_3": {
                  "title": "Archive Status",
                  "type": "string",
                  "x-ms-dynamically-added": true,
                  "description": "Please enter your input",
                  "x-ms-content-hint": "TEXT"
                },
                "text_4": {
                  "title": "Last Activity On",
                  "type": "string",
                  "x-ms-dynamically-added": true,
                  "description": "Please enter your input",
                  "x-ms-content-hint": "TEXT"
                },
                "text_5": {
                  "title": "Site State",
                  "type": "string",
                  "x-ms-dynamically-added": true,
                  "description": "Please enter your input",
                  "x-ms-content-hint": "TEXT"
                },
                "text_6": {
                  "title": "Parent Row Id",
                  "type": "string",
                  "x-ms-dynamically-added": true,
                  "description": "Please enter your input",
                  "x-ms-content-hint": "TEXT"
                }
              },
              "required": [
                "text",
                "text_1",
                "text_2",
                "text_3",
                "text_4",
                "text_5"
              ]
            }
          }
        }
      },
      "actions": {
        "Respond_to_a_Power_App_or_flow": {
          "runAfter": {
            "Catch": [
              "Succeeded",
              "Skipped"
            ]
          },
          "metadata": {
            "operationMetadataId": "37dc9345-1037-4a1c-bf5d-b7306be4e3c1"
          },
          "type": "Response",
          "kind": "PowerApp",
          "inputs": {
            "schema": {
              "type": "object",
              "properties": {},
              "additionalProperties": {}
            },
            "statusCode": 200,
            "body": {}
          }
        },
        "Try": {
          "actions": {
            "Hostname": {
              "runAfter": {
                "Get_Certificate": [
                  "Succeeded"
                ]
              },
              "metadata": {
                "operationMetadataId": "a9f44cf0-2458-40d6-ba7e-6a27f5c3f519"
              },
              "type": "Compose",
              "inputs": "@if(\r\n    not(equals(\r\n        nthIndexOf(\r\n            triggerBody()?['text'],\r\n            '/',\r\n            3\r\n        ),\r\n        -1\r\n    )),\r\n    substring(\r\n        triggerBody()?['text'],\r\n        0,\r\n        nthIndexOf(\r\n            triggerBody()?['text'],\r\n            '/',\r\n            3\r\n        )\r\n    ),\r\n    triggerBody()?['text']\r\n)"
            },
            "Get_Web_Details": {
              "runAfter": {
                "Hostname": [
                  "Succeeded"
                ]
              },
              "metadata": {
                "operationMetadataId": "de11d4b9-1cd6-4ea1-b100-4ed911e99239"
              },
              "type": "Http",
              "inputs": {
                "uri": "@{triggerBody()['text']}/_api/web?$select=Id,LastItemUserModifiedDate,Url,Title,Created",
                "method": "GET",
                "headers": {
                  "Accept": "application/json;odata=verbose"
                },
                "authentication": {
                  "type": "ActiveDirectoryOAuth",
                  "authority": "",
                  "tenant": "@{parameters('SP Inventory Tenant Id (spexpire_SPInventoryTenantId)')}",
                  "audience": "@{outputs('Hostname')}",
                  "clientId": "@{parameters('SP Inventory Client Id (spexpire_SPInventoryClientId)')}",
                  "pfx": "@{body('Get_Certificate')?['EnvironmentVariableSecretValue']}",
                  "password": ""
                }
              },
              "runtimeConfiguration": {
                "contentTransfer": {
                  "transferMode": "Chunked"
                }
              }
            },
            "Web_Details": {
              "runAfter": {
                "Get_Web_Details": [
                  "Succeeded"
                ]
              },
              "metadata": {
                "operationMetadataId": "583aa9fe-a4ed-4d07-a81e-695ebb9984c2"
              },
              "type": "ParseJson",
              "inputs": {
                "content": "@body('Get_Web_Details')",
                "schema": {
                  "type": "object",
                  "properties": {
                    "d": {
                      "type": "object",
                      "properties": {
                        "Created": {
                          "type": "string"
                        },
                        "Id": {
                          "type": "string"
                        },
                        "LastItemUserModifiedDate": {
                          "type": "string"
                        },
                        "Title": {
                          "type": "string"
                        },
                        "Url": {
                          "type": "string"
                        }
                      }
                    }
                  }
                }
              }
            },
            "Get_Subsite_Details": {
              "runAfter": {
                "Update_table_record": [
                  "Succeeded"
                ]
              },
              "metadata": {
                "operationMetadataId": "47c9d4f8-ca1b-4748-bea8-4a7a7be883c9"
              },
              "type": "Http",
              "inputs": {
                "uri": "@{triggerBody()['text']}/_api/Web/Webs?$select=Url",
                "method": "GET",
                "headers": {
                  "Accept": "application/json;odata=verbose"
                },
                "authentication": {
                  "type": "ActiveDirectoryOAuth",
                  "authority": "",
                  "tenant": "@{parameters('SP Inventory Tenant Id (spexpire_SPInventoryTenantId)')}",
                  "audience": "@{outputs('Hostname')}",
                  "clientId": "@{parameters('SP Inventory Client Id (spexpire_SPInventoryClientId)')}",
                  "pfx": "@{body('Get_Certificate')?['EnvironmentVariableSecretValue']}",
                  "password": ""
                }
              },
              "runtimeConfiguration": {
                "contentTransfer": {
                  "transferMode": "Chunked"
                }
              }
            },
            "Subsite_Details": {
              "runAfter": {
                "Get_Subsite_Details": [
                  "Succeeded"
                ]
              },
              "metadata": {
                "operationMetadataId": "f62f3749-1913-4b05-8532-22c75cb3a486"
              },
              "type": "ParseJson",
              "inputs": {
                "content": "@body('Get_Subsite_Details')",
                "schema": {
                  "type": "object",
                  "properties": {
                    "d": {
                      "type": "object",
                      "properties": {
                        "@@odata.NextLink": {
                          "type": "string"
                        },
                        "results": {
                          "type": "array",
                          "items": {
                            "type": "object",
                            "properties": {
                              "Url": {
                                "type": "string"
                              }
                            },
                            "required": [
                              "__metadata",
                              "Url"
                            ]
                          }
                        }
                      }
                    }
                  }
                }
              }
            },
            "Apply_to_each_Subsite": {
              "foreach": "@body('Subsite_Details')?['d']?['results']",
              "actions": {
                "Recursively_Inventory_Subsites": {
                  "limit": {
                    "timeout": "PT1H"
                  },
                  "metadata": {
                    "operationMetadataId": "24096a7b-7dbf-4725-b254-e6340476fb4e"
                  },
                  "type": "Workflow",
                  "inputs": {
                    "host": {
                      "workflowReferenceName": "94fdd201-b222-ef11-840b-7c1e520015bc"
                    },
                    "body": {
                      "text": "@items('Apply_to_each_Subsite')?['Url']",
                      "text_1": "@triggerBody()['text_1']",
                      "text_2": "@triggerBody()['text_2']",
                      "text_3": "@triggerBody()['text_3']",
                      "text_4": "@body('Web_Details')?['d']?['LastItemUserModifiedDate']",
                      "text_5": "@triggerBody()['text_5']",
                      "text_6": "@body('Update_table_record')?['row_id']"
                    }
                  }
                }
              },
              "runAfter": {
                "Subsite_Details": [
                  "Succeeded"
                ]
              },
              "metadata": {
                "operationMetadataId": "d271655d-8860-42b1-992d-148ee2ee5037"
              },
              "type": "Foreach",
              "runtimeConfiguration": {
                "concurrency": {
                  "repetitions": 10
                }
              }
            },
            "Update_table_record": {
              "runAfter": {
                "Web_Details": [
                  "Succeeded"
                ]
              },
              "metadata": {
                "operationMetadataId": "bad087a2-ba65-4bdf-9314-9827ea7c1432"
              },
              "type": "Workflow",
              "inputs": {
                "host": {
                  "workflowReferenceName": "b4eebaec-4c23-ef11-840b-7c1e520015bc"
                },
                "body": {
                  "text": "@body('Web_Details')?['d']?['Id']",
                  "text_1": "@body('Web_Details')?['d']?['Title']",
                  "text_2": "@body('Web_Details')?['d']?['Url']",
                  "text_3": "@body('Web_Details')?['d']?['LastItemUserModifiedDate']",
                  "text_4": "@body('Web_Details')?['d']?['Created']",
                  "text_5": "@triggerBody()['text_2']",
                  "text_6": "@triggerBody()['text_1']",
                  "text_7": "n/a",
                  "text_8": "@string(triggerBody()?['text_6'])"
                }
              }
            },
            "Get_Certificate": {
              "type": "OpenApiConnection",
              "inputs": {
                "parameters": {
                  "actionName": "RetrieveEnvironmentVariableSecretValue",
                  "item/EnvironmentVariableName": "spexpire_EntraAppCert"
                },
                "host": {
                  "apiId": "/providers/Microsoft.PowerApps/apis/shared_commondataserviceforapps",
                  "operationId": "PerformUnboundAction",
                  "connectionName": "shared_commondataserviceforapps"
                }
              },
              "runtimeConfiguration": {
                "secureData": {
                  "properties": [
                    "outputs"
                  ]
                }
              }
            }
          },
          "runAfter": {},
          "metadata": {
            "operationMetadataId": "d5be9324-0651-4a61-a4c1-dd608c80faf4"
          },
          "type": "Scope"
        },
        "Catch": {
          "actions": {},
          "runAfter": {
            "Try": [
              "TimedOut",
              "Failed"
            ]
          },
          "metadata": {
            "operationMetadataId": "0c94f91c-8549-4270-a6fe-a894742f8de2"
          },
          "type": "Scope"
        }
      }
    },
    "templateName": null
  },
  "schemaVersion": "1.0.0.0"
}