{
  "properties": {
    "connectionReferences": {
      "shared_commondataserviceforapps-1": {
        "runtimeSource": "embedded",
        "connection": {
          "connectionReferenceLogicalName": "spexpire_DataverseInventoryandInactivity"
        },
        "api": {
          "name": "shared_commondataserviceforapps"
        }
      }
    },
    "definition": {
      "$schema": "https://schema.management.azure.com/providers/Microsoft.Logic/schemas/2016-06-01/workflowdefinition.json#",
      "contentVersion": "1.0.0.0",
      "parameters": {
        "$authentication": {
          "defaultValue": {},
          "type": "SecureObject"
        },
        "$connections": {
          "defaultValue": {},
          "type": "Object"
        },
        "SharePoint Admin Center URL (spexpire_SharePointAdminCenterURL)": {
          "defaultValue": "https://tlingenf-admin.sharepoint.com",
          "type": "String",
          "metadata": {
            "schemaName": "spexpire_SharePointAdminCenterURL"
          }
        },
        "SP Inventory Client Id (spexpire_SPInventoryClientId)": {
          "defaultValue": "25f34c4b-076a-408c-9ff8-256472807e13",
          "type": "String",
          "metadata": {
            "schemaName": "spexpire_SPInventoryClientId"
          }
        },
        "SP Inventory Tenant Id (spexpire_SPInventoryTenantId)": {
          "defaultValue": "0dd2c696-50cd-4a18-868b-6ffdf9788de8",
          "type": "String",
          "metadata": {
            "schemaName": "spexpire_SPInventoryTenantId"
          }
        }
      },
      "triggers": {
        "Recurrence": {
          "recurrence": {
            "frequency": "Day",
            "interval": 4,
            "startTime": "2024-06-06T15:00:00Z"
          },
          "metadata": {
            "operationMetadataId": "d6df5074-1ac7-44b1-887e-8607c0f25e34"
          },
          "type": "Recurrence"
        }
      },
      "actions": {
        "Initialize_NextHref": {
          "runAfter": {},
          "metadata": {
            "operationMetadataId": "e523eae7-5002-4d8d-8562-520fe27b8613"
          },
          "type": "InitializeVariable",
          "inputs": {
            "variables": [
              {
                "name": "NextHref",
                "type": "string",
                "value": "@{null}"
              }
            ]
          }
        },
        "Initialize_Continue_Loop": {
          "runAfter": {
            "Initialize_NextHref": [
              "Succeeded"
            ]
          },
          "metadata": {
            "operationMetadataId": "97c7d48d-24c8-42ab-8e88-9f64cd2dfb57"
          },
          "type": "InitializeVariable",
          "inputs": {
            "variables": [
              {
                "name": "Continue Loop",
                "type": "boolean",
                "value": "@true"
              }
            ]
          }
        },
        "List_not_recently_modified": {
          "runAfter": {
            "Do_until": [
              "Succeeded"
            ]
          },
          "metadata": {
            "operationMetadataId": "681a460b-a9ca-48a8-b872-ee9f076b0623"
          },
          "type": "OpenApiConnection",
          "inputs": {
            "parameters": {
              "entityName": "spexpire_sharepointsiteexpirationses",
              "$filter": "modifiedon lt @{addDays(utcNow(), -3)}"
            },
            "host": {
              "apiId": "/providers/Microsoft.PowerApps/apis/shared_commondataserviceforapps",
              "operationId": "ListRecords",
              "connectionName": "shared_commondataserviceforapps-1"
            }
          }
        },
        "Do_until": {
          "actions": {
            "Catch": {
              "actions": {
                "Set_Continue_Loop_false_2": {
                  "metadata": {
                    "operationMetadataId": "a05338a4-cafd-41f5-8a2d-0171f885b3e0"
                  },
                  "type": "SetVariable",
                  "inputs": {
                    "name": "Continue Loop",
                    "value": "@false"
                  }
                }
              },
              "runAfter": {
                "Try": [
                  "Failed",
                  "TimedOut"
                ]
              },
              "metadata": {
                "operationMetadataId": "db8ec6a6-8c0f-46b6-a5b9-527152fae816"
              },
              "type": "Scope"
            },
            "Try": {
              "actions": {
                "Get_Page_of_Sites": {
                  "metadata": {
                    "operationMetadataId": "4a0650a2-3906-4a38-a034-5f8d94b51a57"
                  },
                  "type": "Http",
                  "inputs": {
                    "uri": "@{parameters('SharePoint Admin Center URL (spexpire_SharePointAdminCenterURL)')}/_api/SPO.Tenant/RenderAdminListData@{variables('NextHref')}",
                    "method": "POST",
                    "headers": {
                      "Accept": "application/json;odata.metadata=minimal",
                      "Content-Type": "application/json;odata.metadata=minimal"
                    },
                    "body": {
                      "parameters": {
                        "ViewXml": "<View><ViewFields><FieldRef Name=\"SiteId\"/><FieldRef Name=\"SiteUrl\"/><FieldRef Name=\"GroupId\"/><FieldRef Name=\"ArchiveStatus\"/><FieldRef Name=\"LastActivityOn\"/><FieldRef Name=\"State\"/></ViewFields><RowLimit Paged=\"TRUE\">30</RowLimit></View>"
                      }
                    },
                    "authentication": {
                      "type": "ActiveDirectoryOAuth",
                      "authority": "",
                      "tenant": "@{parameters('SP Inventory Tenant Id (spexpire_SPInventoryTenantId)')}",
                      "audience": "@{parameters('SharePoint Admin Center URL (spexpire_SharePointAdminCenterURL)')}",
                      "clientId": "@{parameters('SP Inventory Client Id (spexpire_SPInventoryClientId)')}",
                      "pfx": "@{body('Get_Certificate')?['EnvironmentVariableSecretValue']}",
                      "password": ""
                    }
                  }
                },
                "Parse_Page_of_Sites": {
                  "runAfter": {
                    "Get_Page_of_Sites": [
                      "Succeeded"
                    ]
                  },
                  "metadata": {
                    "operationMetadataId": "d43004fd-e517-4bca-9a59-7bcfb5d63a89"
                  },
                  "type": "ParseJson",
                  "inputs": {
                    "content": "@body('Get_Page_of_Sites')",
                    "schema": {
                      "type": "object",
                      "properties": {
                        "Row": {
                          "type": "array",
                          "items": {
                            "type": "object",
                            "properties": {
                              "ArchiveStatus": {
                                "type": "string"
                              },
                              "GroupId": {
                                "type": "string"
                              },
                              "LastActivityOn": {
                                "type": "string"
                              },
                              "SiteId": {
                                "type": "string"
                              },
                              "SiteUrl": {
                                "type": "string"
                              },
                              "State": {
                                "type": "string"
                              }
                            }
                          }
                        },
                        "FirstRow": {
                          "type": "integer"
                        },
                        "FolderPermissions": {
                          "type": "string"
                        },
                        "LastRow": {
                          "type": "integer"
                        },
                        "RowLimit": {
                          "type": "integer"
                        },
                        "NextHref": {
                          "type": "string"
                        },
                        "FilterLink": {
                          "type": "string"
                        },
                        "ForceNoHierarchy": {
                          "type": "string"
                        },
                        "HierarchyHasIndention": {
                          "type": "string"
                        },
                        "CurrentFolderSpItemUrl": {
                          "type": "string"
                        }
                      }
                    }
                  }
                },
                "Apply_to_each_site_collection": {
                  "foreach": "@body('Parse_Page_of_Sites')?['Row']",
                  "actions": {
                    "Run_a_Child_Flow": {
                      "limit": {
                        "timeout": "PT1H"
                      },
                      "metadata": {
                        "operationMetadataId": "fbea1b2a-ea52-41cc-b487-b800a3c16e83"
                      },
                      "type": "Workflow",
                      "inputs": {
                        "host": {
                          "workflowReferenceName": "8c1549ae-af22-ef11-840b-7c1e520015bc"
                        },
                        "body": {
                          "text": "@items('Apply_to_each_site_collection')?['SiteUrl']",
                          "text_1": "@items('Apply_to_each_site_collection')?['GroupId']",
                          "text_2": "@items('Apply_to_each_site_collection')?['SiteId']",
                          "text_3": "@items('Apply_to_each_site_collection')?['ArchiveStatus']",
                          "text_4": "@items('Apply_to_each_site_collection')?['LastActivityOn']",
                          "text_5": "@items('Apply_to_each_site_collection')?['State']"
                        }
                      }
                    }
                  },
                  "runAfter": {
                    "Parse_Page_of_Sites": [
                      "Succeeded"
                    ]
                  },
                  "metadata": {
                    "operationMetadataId": "ed920fe6-a232-4d08-9b79-e2eaabaf041e"
                  },
                  "type": "Foreach",
                  "runtimeConfiguration": {
                    "concurrency": {
                      "repetitions": 20
                    }
                  }
                },
                "If_NextHref": {
                  "actions": {
                    "Set_NextHref": {
                      "metadata": {
                        "operationMetadataId": "76ad60b7-1e09-4168-a4c4-c3c06563d13f"
                      },
                      "type": "SetVariable",
                      "inputs": {
                        "name": "NextHref",
                        "value": "@body('Parse_Page_of_Sites')?['NextHref']"
                      }
                    }
                  },
                  "runAfter": {
                    "Apply_to_each_site_collection": [
                      "Succeeded",
                      "Skipped"
                    ]
                  },
                  "else": {
                    "actions": {
                      "Set_Continue_Loop_false": {
                        "metadata": {
                          "operationMetadataId": "a05338a4-cafd-41f5-8a2d-0171f885b3e0"
                        },
                        "type": "SetVariable",
                        "inputs": {
                          "name": "Continue Loop",
                          "value": "@false"
                        }
                      }
                    }
                  },
                  "expression": {
                    "not": {
                      "equals": [
                        "@body('Parse_Page_of_Sites')?['NextHref']",
                        "@null"
                      ]
                    }
                  },
                  "metadata": {
                    "operationMetadataId": "6e7bb3fc-9a76-4438-95f9-7fc61dfccfdf"
                  },
                  "type": "If"
                }
              },
              "metadata": {
                "operationMetadataId": "fc1b6eb0-4e1d-4688-95e5-1ee677a0df0b"
              },
              "type": "Scope"
            }
          },
          "runAfter": {
            "Get_Certificate": [
              "Succeeded"
            ]
          },
          "expression": "@equals(variables('Continue Loop'), false)",
          "limit": {
            "count": 999,
            "timeout": "P1D"
          },
          "metadata": {
            "operationMetadataId": "a3fd9c35-15e2-4337-9921-06f87740fb93"
          },
          "type": "Until"
        },
        "Apply_deleted_site": {
          "foreach": "@outputs('List_not_recently_modified')?['body/value']",
          "actions": {
            "Delete_a_row": {
              "metadata": {
                "operationMetadataId": "771bbe08-8058-413b-a809-c232fa496982"
              },
              "type": "OpenApiConnection",
              "inputs": {
                "parameters": {
                  "entityName": "spexpire_sharepointsiteexpirationses",
                  "recordId": "@items('Apply_deleted_site')?['spexpire_sharepointsiteexpirationsid']"
                },
                "host": {
                  "apiId": "/providers/Microsoft.PowerApps/apis/shared_commondataserviceforapps",
                  "operationId": "DeleteRecord",
                  "connectionName": "shared_commondataserviceforapps-1"
                }
              }
            }
          },
          "runAfter": {
            "List_not_recently_modified": [
              "Succeeded"
            ]
          },
          "metadata": {
            "operationMetadataId": "26914246-d888-40d6-87c5-c57c4ac2eb59"
          },
          "type": "Foreach"
        },
        "Get_Certificate": {
          "runAfter": {
            "Initialize_Continue_Loop": [
              "Succeeded"
            ]
          },
          "type": "OpenApiConnection",
          "inputs": {
            "parameters": {
              "actionName": "RetrieveEnvironmentVariableSecretValue",
              "item/EnvironmentVariableName": "spexpire_EntraAppCert"
            },
            "host": {
              "apiId": "/providers/Microsoft.PowerApps/apis/shared_commondataserviceforapps",
              "operationId": "PerformUnboundAction",
              "connectionName": "shared_commondataserviceforapps-1"
            }
          },
          "runtimeConfiguration": {
            "secureData": {
              "properties": [
                "outputs"
              ]
            }
          }
        }
      }
    },
    "templateName": null
  },
  "schemaVersion": "1.0.0.0"
}