{
  "properties": {
    "connectionReferences": {
      "shared_commondataserviceforapps": {
        "runtimeSource": "embedded",
        "connection": {
          "connectionReferenceLogicalName": "spexpire_DataverseInventoryandInactivity"
        },
        "api": {
          "name": "shared_commondataserviceforapps"
        }
      }
    },
    "definition": {
      "$schema": "https://schema.management.azure.com/providers/Microsoft.Logic/schemas/2016-06-01/workflowdefinition.json#",
      "contentVersion": "1.0.0.0",
      "parameters": {
        "$authentication": {
          "defaultValue": {},
          "type": "SecureObject"
        },
        "$connections": {
          "defaultValue": {},
          "type": "Object"
        }
      },
      "triggers": {
        "manual": {
          "metadata": {
            "operationMetadataId": "ad041f25-7817-4a2f-819e-82daa341a885"
          },
          "type": "Request",
          "kind": "Button",
          "inputs": {
            "schema": {
              "type": "object",
              "properties": {
                "text": {
                  "title": "webId",
                  "type": "string",
                  "x-ms-dynamically-added": true,
                  "description": "Please enter your input",
                  "x-ms-content-hint": "TEXT"
                },
                "text_1": {
                  "title": "Title",
                  "type": "string",
                  "x-ms-dynamically-added": true,
                  "description": "Please enter your input",
                  "x-ms-content-hint": "TEXT"
                },
                "text_2": {
                  "title": "Url",
                  "type": "string",
                  "x-ms-dynamically-added": true,
                  "description": "Please enter your input",
                  "x-ms-content-hint": "TEXT"
                },
                "text_3": {
                  "title": "LastItemUpdated",
                  "type": "string",
                  "x-ms-dynamically-added": true,
                  "description": "Please enter your input",
                  "x-ms-content-hint": "TEXT"
                },
                "text_4": {
                  "title": "Created",
                  "type": "string",
                  "x-ms-dynamically-added": true,
                  "description": "Please enter your input",
                  "x-ms-content-hint": "TEXT"
                },
                "text_5": {
                  "title": "SiteId",
                  "type": "string",
                  "x-ms-dynamically-added": true,
                  "description": "Please enter your input",
                  "x-ms-content-hint": "TEXT"
                },
                "text_6": {
                  "title": "GroupId",
                  "type": "string",
                  "x-ms-dynamically-added": true,
                  "description": "Please enter your input",
                  "x-ms-content-hint": "TEXT"
                },
                "text_7": {
                  "title": "IsHubSite",
                  "type": "string",
                  "x-ms-dynamically-added": true,
                  "description": "Please enter your input",
                  "x-ms-content-hint": "TEXT"
                },
                "text_8": {
                  "title": "ParentRowId",
                  "type": "string",
                  "x-ms-dynamically-added": true,
                  "description": "Please enter your input",
                  "x-ms-content-hint": "TEXT"
                }
              },
              "required": [
                "text",
                "text_1",
                "text_2",
                "text_3",
                "text_4",
                "text_5",
                "text_6"
              ]
            }
          }
        }
      },
      "actions": {
        "Respond_to_a_Power_App_or_flow": {
          "runAfter": {
            "Try": [
              "Succeeded",
              "Failed"
            ]
          },
          "metadata": {
            "operationMetadataId": "825b8883-285c-4817-9b55-965a79cd2965"
          },
          "type": "Response",
          "kind": "PowerApp",
          "inputs": {
            "schema": {
              "type": "object",
              "properties": {
                "row_id": {
                  "title": "row id",
                  "x-ms-dynamically-added": true,
                  "type": "string"
                }
              },
              "additionalProperties": {}
            },
            "statusCode": 200,
            "body": {
              "row_id": "@concat(\r\n    body('Add_a_new_row')?['spexpire_sharepointsiteexpirationsid'],\r\n    body('Update_a_row')?['spexpire_sharepointsiteexpirationsid']\r\n)"
            }
          }
        },
        "Try": {
          "actions": {
            "Get_a_row_by_ID": {
              "metadata": {
                "operationMetadataId": "3c3fae49-b732-4db5-a137-887fe87fedd5"
              },
              "type": "OpenApiConnection",
              "inputs": {
                "parameters": {
                  "entityName": "spexpire_sharepointsiteexpirationses",
                  "recordId": "@triggerBody()['text']"
                },
                "host": {
                  "apiId": "/providers/Microsoft.PowerApps/apis/shared_commondataserviceforapps",
                  "operationId": "GetItem",
                  "connectionName": "shared_commondataserviceforapps"
                }
              }
            },
            "Add_a_new_row": {
              "runAfter": {
                "Get_a_row_by_ID": [
                  "Failed"
                ]
              },
              "metadata": {
                "operationMetadataId": "ffdbb998-be80-4ff1-8b66-1d697990c884"
              },
              "type": "OpenApiConnection",
              "inputs": {
                "parameters": {
                  "entityName": "spexpire_sharepointsiteexpirationses",
                  "item/spexpire_name": "@triggerBody()['text_1']",
                  "item/spexpire_siteid": "@triggerBody()['text_5']",
                  "item/spexpire_siteurl": "@triggerBody()['text_2']",
                  "item/spexpire_expirationstate": 925000006,
                  "item/spexpire_groupid": "@triggerBody()['text_6']",
                  "item/spexpire_ParentSite@odata.bind": "@if(empty(triggerBody()?['text_8']), null, concat('/spexpire_sharepointsiteexpirationses(', triggerBody()?['text_8'], ')'))",
                  "item/spexpire_sitelastmodified": "@triggerBody()['text_3']",
                  "item/spexpire_sharepointsiteexpirationsid": "@triggerBody()['text']"
                },
                "host": {
                  "apiId": "/providers/Microsoft.PowerApps/apis/shared_commondataserviceforapps",
                  "operationId": "CreateRecord",
                  "connectionName": "shared_commondataserviceforapps"
                }
              }
            },
            "Update_a_row": {
              "runAfter": {
                "Get_a_row_by_ID": [
                  "Succeeded"
                ]
              },
              "metadata": {
                "operationMetadataId": "ceb79419-e975-4072-a884-205d68c0f916"
              },
              "type": "OpenApiConnection",
              "inputs": {
                "parameters": {
                  "entityName": "spexpire_sharepointsiteexpirationses",
                  "recordId": "@triggerBody()['text']",
                  "item/spexpire_name": "@triggerBody()['text_1']",
                  "item/spexpire_siteid": "@triggerBody()['text_5']",
                  "item/spexpire_siteurl": "@triggerBody()['text_2']",
                  "item/spexpire_groupid": "@triggerBody()['text_6']",
                  "item/spexpire_ParentSite@odata.bind": "@if(empty(triggerBody()?['text_8']), null, concat('/spexpire_sharepointsiteexpirationses(', triggerBody()?['text_8'], ')'))",
                  "item/spexpire_sitelastmodified": "@triggerBody()['text_3']"
                },
                "host": {
                  "apiId": "/providers/Microsoft.PowerApps/apis/shared_commondataserviceforapps",
                  "operationId": "UpdateRecord",
                  "connectionName": "shared_commondataserviceforapps"
                }
              }
            },
            "If_ParentRowId_not_empty": {
              "actions": {
                "Relate_to_parent": {
                  "metadata": {
                    "operationMetadataId": "a4ec04e9-3cec-47cb-8c91-1450ee49c2ae"
                  },
                  "type": "OpenApiConnection",
                  "inputs": {
                    "parameters": {
                      "entityName": "spexpire_sharepointsiteexpirationses",
                      "recordId": "@concat(body('Add_a_new_row')?['spexpire_sharepointsiteexpirationsid'],body('Get_a_row_by_ID')?['spexpire_sharepointsiteexpirationsid'])",
                      "associationEntityRelationship": "spexpire_SharePointSiteExpirations_ParentSite_spexpire_SharePointSiteExpirations",
                      "item/@odata.id": "@triggerBody()?['text_8']"
                    },
                    "host": {
                      "apiId": "/providers/Microsoft.PowerApps/apis/shared_commondataserviceforapps",
                      "operationId": "AssociateEntities",
                      "connectionName": "shared_commondataserviceforapps"
                    }
                  }
                }
              },
              "runAfter": {
                "Add_a_new_row": [
                  "Skipped",
                  "Succeeded"
                ],
                "Update_a_row": [
                  "Succeeded",
                  "Skipped"
                ]
              },
              "else": {
                "actions": {}
              },
              "expression": {
                "and": [
                  {
                    "not": {
                      "equals": [
                        "@empty(triggerBody()?['text_8'])",
                        "@true"
                      ]
                    }
                  },
                  {
                    "equals": [
                      1,
                      0
                    ]
                  }
                ]
              },
              "metadata": {
                "operationMetadataId": "59032dbc-f26b-423c-aa65-52e16082bcd1"
              },
              "type": "If"
            }
          },
          "runAfter": {},
          "metadata": {
            "operationMetadataId": "227687fb-df39-4348-9aaf-864b6cd1853c"
          },
          "type": "Scope"
        }
      }
    },
    "templateName": null
  },
  "schemaVersion": "1.0.0.0"
}