{
  "properties": {
    "connectionReferences": {
      "shared_commondataserviceforapps-1": {
        "runtimeSource": "embedded",
        "connection": {
          "connectionReferenceLogicalName": "spexpire_DataverseInventoryandInactivity"
        },
        "api": {
          "name": "shared_commondataserviceforapps"
        }
      }
    },
    "definition": {
      "$schema": "https://schema.management.azure.com/providers/Microsoft.Logic/schemas/2016-06-01/workflowdefinition.json#",
      "contentVersion": "1.0.0.0",
      "parameters": {
        "$authentication": {
          "defaultValue": {},
          "type": "SecureObject"
        },
        "$connections": {
          "defaultValue": {},
          "type": "Object"
        }
      },
      "triggers": {
        "Recurrence": {
          "recurrence": {
            "frequency": "Day",
            "interval": 2,
            "startTime": "2024-06-11T15:00:00Z"
          },
          "metadata": {
            "operationMetadataId": "33cd97a5-0e24-4d8d-bb8b-6471e4e0616c"
          },
          "type": "Recurrence"
        }
      },
      "actions": {
        "Get_Waiting_For_Removal": {
          "runAfter": {},
          "metadata": {
            "operationMetadataId": "8a7e7f0b-0fa6-43d3-a6dc-6de4b2cec854"
          },
          "type": "OpenApiConnection",
          "inputs": {
            "parameters": {
              "entityName": "spexpire_sharepointsiteexpirationses",
              "fetchXml": "<fetch>\n  <entity name=\"spexpire_sharepointsiteexpirations\">\n    <attribute name=\"spexpire_name\" />\n    <attribute name=\"spexpire_sharepointsiteexpirationsid\" />\n    <attribute name=\"spexpire_parentsite\" />\n    <attribute name=\"spexpire_siteurl\" />\n    <filter type=\"and\">\n      <condition attribute=\"spexpire_expirationstate\" operator=\"eq\" value=\"925000004\" />\n      <condition attribute=\"spexpire_isexempt\" operator=\"ne\" value=\"1\" />\n    </filter>\n    <order attribute=\"spexpire_siteurl\" descending=\"true\" />\n  </entity>\n</fetch>"
            },
            "host": {
              "apiId": "/providers/Microsoft.PowerApps/apis/shared_commondataserviceforapps",
              "operationId": "ListRecords",
              "connectionName": "shared_commondataserviceforapps-1"
            }
          },
          "runtimeConfiguration": {
            "paginationPolicy": {
              "minimumItemCount": 5000
            }
          }
        },
        "For_each": {
          "foreach": "@outputs('Get_Waiting_For_Removal')?['body/value']",
          "actions": {
            "Run_a_Child_Flow": {
              "metadata": {
                "operationMetadataId": "2342cce0-6318-4418-b97e-e9837219995f"
              },
              "type": "Workflow",
              "inputs": {
                "host": {
                  "workflowReferenceName": "7799d7c1-3328-ef11-840a-7c1e52180364"
                },
                "body": {
                  "text": "@items('For_each')?['spexpire_sharepointsiteexpirationsid']"
                }
              }
            }
          },
          "runAfter": {
            "Get_Waiting_For_Removal": [
              "Succeeded"
            ]
          },
          "metadata": {
            "operationMetadataId": "c42e3276-2881-4fd7-a0bf-330ed4c85f36"
          },
          "type": "Foreach",
          "runtimeConfiguration": {
            "concurrency": {
              "repetitions": 3
            }
          }
        }
      }
    },
    "templateName": null
  },
  "schemaVersion": "1.0.0.0"
}