{
  "properties": {
    "connectionReferences": {},
    "definition": {
      "$schema": "https://schema.management.azure.com/providers/Microsoft.Logic/schemas/2016-06-01/workflowdefinition.json#",
      "contentVersion": "1.0.0.0",
      "parameters": {
        "$authentication": {
          "defaultValue": {},
          "type": "SecureObject"
        },
        "$connections": {
          "defaultValue": {},
          "type": "Object"
        }
      },
      "triggers": {
        "manual": {
          "metadata": {
            "operationMetadataId": "26ef2249-c716-4aa1-8418-8367af8adcbe"
          },
          "type": "Request",
          "kind": "Button",
          "inputs": {
            "schema": {
              "type": "object",
              "properties": {
                "text": {
                  "title": "web Id",
                  "type": "string",
                  "x-ms-dynamically-added": true,
                  "description": "Please enter your input",
                  "x-ms-content-hint": "TEXT"
                }
              },
              "required": [
                "text"
              ]
            }
          }
        }
      },
      "actions": {
        "Respond_to_a_Power_App_or_flow": {
          "runAfter": {
            "Run_a_Child_Flow": [
              "Succeeded"
            ]
          },
          "metadata": {
            "operationMetadataId": "360363ac-44f3-4353-b88e-e7361f815b9b"
          },
          "type": "Response",
          "kind": "PowerApp",
          "inputs": {
            "schema": {
              "type": "object",
              "properties": {
                "clear": {
                  "title": "clear",
                  "x-ms-dynamically-added": true,
                  "type": "boolean"
                }
              },
              "additionalProperties": {}
            },
            "statusCode": 200,
            "body": {
              "clear": "@body('Run_a_Child_Flow')?['clear']"
            }
          }
        },
        "Run_a_Child_Flow": {
          "runAfter": {},
          "metadata": {
            "operationMetadataId": "0a4d3a9f-863a-4940-8b51-df631a871ff6"
          },
          "type": "Workflow",
          "inputs": {
            "host": {
              "workflowReferenceName": "7799d7c1-3328-ef11-840a-7c1e52180364"
            },
            "body": {
              "text": "@triggerBody()['text']"
            }
          }
        }
      }
    },
    "templateName": null
  },
  "schemaVersion": "1.0.0.0"
}