{
  "properties": {
    "connectionReferences": {
      "shared_commondataserviceforapps-1": {
        "runtimeSource": "embedded",
        "connection": {
          "connectionReferenceLogicalName": "spexpire_DataverseInventoryandInactivity"
        },
        "api": {
          "name": "shared_commondataserviceforapps"
        }
      },
      "shared_office365-1": {
        "runtimeSource": "embedded",
        "connection": {
          "connectionReferenceLogicalName": "spexpire_OutlookInventoryandInactivity"
        },
        "api": {
          "name": "shared_office365"
        }
      }
    },
    "definition": {
      "$schema": "https://schema.management.azure.com/providers/Microsoft.Logic/schemas/2016-06-01/workflowdefinition.json#",
      "contentVersion": "1.0.0.0",
      "parameters": {
        "$authentication": {
          "defaultValue": {},
          "type": "SecureObject"
        },
        "$connections": {
          "defaultValue": {},
          "type": "Object"
        },
        "SP Inventory Client Id (spexpire_SPInventoryClientId)": {
          "defaultValue": "25f34c4b-076a-408c-9ff8-256472807e13",
          "type": "String",
          "metadata": {
            "schemaName": "spexpire_SPInventoryClientId"
          }
        },
        "SP Inventory Tenant Id (spexpire_SPInventoryTenantId)": {
          "defaultValue": "0dd2c696-50cd-4a18-868b-6ffdf9788de8",
          "type": "String",
          "metadata": {
            "schemaName": "spexpire_SPInventoryTenantId"
          }
        }
      },
      "triggers": {
        "manual": {
          "metadata": {
            "operationMetadataId": "966e4b44-304b-48d9-80d9-103246c9c392"
          },
          "type": "Request",
          "kind": "Button",
          "inputs": {
            "schema": {
              "type": "object",
              "properties": {
                "text": {
                  "title": "Web Id",
                  "type": "string",
                  "x-ms-dynamically-added": true,
                  "description": "Please enter your input",
                  "x-ms-content-hint": "TEXT"
                }
              },
              "required": [
                "text"
              ]
            }
          }
        }
      },
      "actions": {
        "Find_child_sites": {
          "runAfter": {
            "Get_this_item": [
              "Succeeded"
            ]
          },
          "metadata": {
            "operationMetadataId": "73edd6c2-a253-4c6c-834b-332d9ac65a60"
          },
          "type": "OpenApiConnection",
          "inputs": {
            "parameters": {
              "entityName": "spexpire_sharepointsiteexpirationses",
              "$filter": "(_spexpire_parentsite_value eq @{triggerBody()['text']} and statuscode eq 1)"
            },
            "host": {
              "apiId": "/providers/Microsoft.PowerApps/apis/shared_commondataserviceforapps",
              "operationId": "ListRecords",
              "connectionName": "shared_commondataserviceforapps-1"
            }
          }
        },
        "Apply_to_each": {
          "foreach": "@outputs('Find_child_sites')?['body/value']",
          "actions": {
            "Run_a_Child_Flow": {
              "metadata": {
                "operationMetadataId": "289b2917-26f6-4fdd-9aed-f445bbb9a2e4"
              },
              "type": "Workflow",
              "inputs": {
                "host": {
                  "workflowReferenceName": "5cf44f34-3328-ef11-840a-7c1e52180364"
                },
                "body": {
                  "text": "@items('Apply_to_each')?['spexpire_sharepointsiteexpirationsid']"
                }
              }
            },
            "Condition": {
              "actions": {
                "Set_variable": {
                  "metadata": {
                    "operationMetadataId": "f209bb5f-f37d-4aeb-8460-d238ccb8b8e2"
                  },
                  "type": "SetVariable",
                  "inputs": {
                    "name": "checks passed",
                    "value": "@false"
                  }
                }
              },
              "runAfter": {
                "Run_a_Child_Flow": [
                  "Succeeded"
                ]
              },
              "else": {
                "actions": {}
              },
              "expression": {
                "and": [
                  {
                    "equals": [
                      "@bool(body('Run_a_Child_Flow')?['clear'])",
                      "@false"
                    ]
                  },
                  {
                    "equals": [
                      "@variables('checks passed')",
                      "@true"
                    ]
                  }
                ]
              },
              "metadata": {
                "operationMetadataId": "63b48ba1-bd16-46dc-8213-1fe46842266d"
              },
              "type": "If"
            }
          },
          "runAfter": {
            "Find_child_sites": [
              "Succeeded"
            ]
          },
          "metadata": {
            "operationMetadataId": "0ef74cfb-eed7-4b7f-9f21-aa9b830b23e3"
          },
          "type": "Foreach",
          "runtimeConfiguration": {
            "concurrency": {
              "repetitions": 5
            }
          }
        },
        "Get_this_item": {
          "runAfter": {
            "Initialize_return_Value": [
              "Succeeded"
            ]
          },
          "metadata": {
            "operationMetadataId": "58c05773-47ab-41f8-ac22-1ae0a9826e47"
          },
          "type": "OpenApiConnection",
          "inputs": {
            "parameters": {
              "entityName": "spexpire_sharepointsiteexpirationses",
              "recordId": "@triggerBody()['text']"
            },
            "host": {
              "apiId": "/providers/Microsoft.PowerApps/apis/shared_commondataserviceforapps",
              "operationId": "GetItem",
              "connectionName": "shared_commondataserviceforapps-1"
            }
          }
        },
        "Initialize_checks_passed": {
          "runAfter": {},
          "metadata": {
            "operationMetadataId": "2fdd30ab-07a1-4dc6-8ef2-176f1e46842d"
          },
          "type": "InitializeVariable",
          "inputs": {
            "variables": [
              {
                "name": "checks passed",
                "type": "boolean",
                "value": "@true"
              }
            ]
          }
        },
        "Is_Ok_To_Delete": {
          "actions": {
            "Hostname": {
              "metadata": {
                "operationMetadataId": "0c901b9c-6e9a-45b0-a21c-a30b76667b48"
              },
              "type": "Compose",
              "inputs": " @{if(\r\n    not(equals(\r\n        nthIndexOf(\r\n            outputs('Get_this_item')?['body/spexpire_siteurl'],\r\n            '/',\r\n            3\r\n        ),\r\n        -1\r\n    )),\r\n    substring(\r\n        outputs('Get_this_item')?['body/spexpire_siteurl'],\r\n        0,\r\n        nthIndexOf(\r\n            outputs('Get_this_item')?['body/spexpire_siteurl'],\r\n            '/',\r\n            3\r\n        )\r\n    ),\r\n    outputs('Get_this_item')?['body/spexpire_siteurl']\r\n)}"
            },
            "Set_variable_2": {
              "runAfter": {
                "Notify_Owners": [
                  "Succeeded"
                ]
              },
              "metadata": {
                "operationMetadataId": "10605c18-1462-4fd8-812a-9c0de8baf0cb"
              },
              "type": "SetVariable",
              "inputs": {
                "name": "return Value",
                "value": "@true"
              }
            },
            "Update_a_row": {
              "runAfter": {
                "Is_Site_Collection": [
                  "Succeeded"
                ]
              },
              "type": "OpenApiConnection",
              "inputs": {
                "parameters": {
                  "entityName": "spexpire_sharepointsiteexpirationses",
                  "recordId": "@body('Get_this_item')?['spexpire_sharepointsiteexpirationsid']",
                  "item/spexpire_expirationstate": 925000005,
                  "item/statecode": 1
                },
                "host": {
                  "apiId": "/providers/Microsoft.PowerApps/apis/shared_commondataserviceforapps",
                  "operationId": "UpdateRecord",
                  "connectionName": "shared_commondataserviceforapps-1"
                }
              }
            },
            "Is_Site_Collection": {
              "actions": {
                "Is_Group_Connected": {
                  "actions": {
                    "Delete_group_site": {
                      "metadata": {
                        "operationMetadataId": "46fd5dc5-994b-4c52-88d4-a182d12f83df"
                      },
                      "type": "Http",
                      "inputs": {
                        "uri": "https://graph.microsoft.com/v1.0/groups/@{substring(\r\n    body('Get_this_item')?['spexpire_groupid'],\r\n    1,\r\n    36\r\n)}",
                        "method": "DELETE",
                        "headers": {
                          "Accept": "application/json"
                        },
                        "authentication": {
                          "type": "ActiveDirectoryOAuth",
                          "authority": "",
                          "tenant": "@{parameters('SP Inventory Tenant Id (spexpire_SPInventoryTenantId)')}",
                          "audience": "https://graph.microsoft.com",
                          "clientId": "@{parameters('SP Inventory Client Id (spexpire_SPInventoryClientId)')}",
                          "pfx": "@{body('Get_Certificate')?['EnvironmentVariableSecretValue']}",
                          "password": ""
                        }
                      }
                    }
                  },
                  "else": {
                    "actions": {
                      "Delete_non_group_site": {
                        "metadata": {
                          "operationMetadataId": "46fd5dc5-994b-4c52-88d4-a182d12f83df"
                        },
                        "type": "Http",
                        "inputs": {
                          "uri": "@{outputs('Get_this_item')?['body/spexpire_siteurl']}/_api/SPSiteManager/delete",
                          "method": "POST",
                          "headers": {
                            "Accept": "application/json;odata.metadata=none",
                            "odata-version": "4.0"
                          },
                          "body": {
                            "siteId": "@{substring(\r\n    body('Get_this_item')?['spexpire_siteid'],\r\n    1,\r\n    36\r\n)}"
                          },
                          "authentication": {
                            "type": "ActiveDirectoryOAuth",
                            "authority": "",
                            "tenant": "@{parameters('SP Inventory Tenant Id (spexpire_SPInventoryTenantId)')}",
                            "audience": "@{outputs('Hostname')}",
                            "clientId": "@{parameters('SP Inventory Client Id (spexpire_SPInventoryClientId)')}",
                            "pfx": "@{body('Get_Certificate')?['EnvironmentVariableSecretValue']}",
                            "password": ""
                          }
                        }
                      }
                    }
                  },
                  "expression": {
                    "and": [
                      {
                        "not": {
                          "equals": [
                            "@body('Get_this_item')?['spexpire_groupid']",
                            "{00000000-0000-0000-0000-000000000000}"
                          ]
                        }
                      }
                    ]
                  },
                  "type": "If"
                }
              },
              "runAfter": {
                "Get_Certificate": [
                  "Succeeded"
                ]
              },
              "else": {
                "actions": {
                  "Delete_web": {
                    "metadata": {
                      "operationMetadataId": "46fd5dc5-994b-4c52-88d4-a182d12f83df"
                    },
                    "type": "Http",
                    "inputs": {
                      "uri": "@{outputs('Get_this_item')?['body/spexpire_siteurl']}/_api/web",
                      "method": "DELETE",
                      "headers": {
                        "Accept": "application/json;odata.metadata=none",
                        "odata-version": "4.0"
                      },
                      "authentication": {
                        "type": "ActiveDirectoryOAuth",
                        "authority": "",
                        "tenant": "@{parameters('SP Inventory Tenant Id (spexpire_SPInventoryTenantId)')}",
                        "audience": "@{outputs('Hostname')}",
                        "clientId": "@{parameters('SP Inventory Client Id (spexpire_SPInventoryClientId)')}",
                        "pfx": "@{body('Get_Certificate')?['EnvironmentVariableSecretValue']}",
                        "password": ""
                      }
                    }
                  }
                }
              },
              "expression": {
                "and": [
                  {
                    "equals": [
                      "@empty(body('Get_this_item')?['_spexpire_parentsite_value'])",
                      "@true"
                    ]
                  }
                ]
              },
              "type": "If"
            },
            "Notify_Owners": {
              "runAfter": {
                "Found_Site_Owners": [
                  "Succeeded"
                ]
              },
              "type": "OpenApiConnection",
              "inputs": {
                "parameters": {
                  "emailMessage/To": "@outputs('Found_Site_Owners')",
                  "emailMessage/Subject": "UNUSED SITE CLEANUP: Your Site Has Been Deleted",
                  "emailMessage/Body": "<p>Dear Site Owner,</p><br><p>This is to notify you that your SharePoint site, <strong>@{body('Get_this_item')?['spexpire_name']}</strong>, with the URL <strong>@{body('Get_this_item')?['spexpire_siteurl']}</strong> has been deleted as part of our site cleanup activity. The site was identified for removal because it has not been used in more than 6 months.</p><br><p>Prior to deletion, an approval task was sent to you asking if you wanted to extend the site's usage. Since there was no response or the site was approved for removal, the deletion process was carried out.</p><br><p>If you believe this is an error and you wish to have your site restored, please submit a ticket within the next 30 days. Thank you for your attention to this matter.</p><br><p>Best regards,</p><p>SharePoint Administration Team</p>",
                  "emailMessage/Importance": "High"
                },
                "host": {
                  "apiId": "/providers/Microsoft.PowerApps/apis/shared_office365",
                  "operationId": "SendEmailV2",
                  "connectionName": "shared_office365-1"
                }
              }
            },
            "Get_Site_Collection_Admins": {
              "runAfter": {
                "Update_a_row": [
                  "Succeeded"
                ]
              },
              "type": "Workflow",
              "inputs": {
                "host": {
                  "workflowReferenceName": "10c98a8d-e378-ee11-8179-000d3a1b97ad"
                },
                "body": {
                  "text": "@body('Get_this_item')?['spexpire_siteurl']"
                }
              }
            },
            "Get_Site_Owners": {
              "runAfter": {
                "Get_Site_Collection_Admins": [
                  "Succeeded"
                ]
              },
              "type": "Workflow",
              "inputs": {
                "host": {
                  "workflowReferenceName": "9e777cab-e424-ef11-840a-7c1e52180364"
                },
                "body": {
                  "text": "@body('Get_this_item')?['spexpire_siteurl']"
                }
              }
            },
            "Found_Site_Owners": {
              "runAfter": {
                "Get_Site_Owners": [
                  "Succeeded"
                ]
              },
              "metadata": {
                "operationMetadataId": "576c3631-4bf8-44b0-a0a8-813c9f265b21"
              },
              "type": "Compose",
              "inputs": "@join(union(body('Get_Site_Collection_Admins')?['admins'],body('Get_Site_Owners')?['admins']),'; ')"
            },
            "Get_Certificate": {
              "runAfter": {
                "Hostname": [
                  "Succeeded"
                ]
              },
              "type": "OpenApiConnection",
              "inputs": {
                "parameters": {
                  "actionName": "RetrieveEnvironmentVariableSecretValue",
                  "item/EnvironmentVariableName": "spexpire_EntraAppCert"
                },
                "host": {
                  "apiId": "/providers/Microsoft.PowerApps/apis/shared_commondataserviceforapps",
                  "operationId": "PerformUnboundAction",
                  "connectionName": "shared_commondataserviceforapps-1"
                }
              },
              "runtimeConfiguration": {
                "secureData": {
                  "properties": [
                    "outputs"
                  ]
                }
              }
            }
          },
          "runAfter": {
            "Expiration_Status": [
              "Succeeded"
            ]
          },
          "else": {
            "actions": {
              "Set_variable_3": {
                "metadata": {
                  "operationMetadataId": "1dfe4086-8e62-41fd-9bff-041d8826fa56"
                },
                "type": "SetVariable",
                "inputs": {
                  "name": "return Value",
                  "value": "@false"
                }
              }
            }
          },
          "expression": {
            "and": [
              {
                "equals": [
                  "@variables('checks passed')",
                  "@true"
                ]
              },
              {
                "equals": [
                  "@outputs('Get_this_item')?['body/spexpire_expirationstate']",
                  925000004
                ]
              },
              {
                "not": {
                  "equals": [
                    "@outputs('Get_this_item')?['body/spexpire_isexempt']",
                    1
                  ]
                }
              }
            ]
          },
          "metadata": {
            "operationMetadataId": "e5022dce-7230-41ea-b758-54c609088838"
          },
          "type": "If"
        },
        "Initialize_return_Value": {
          "runAfter": {
            "Initialize_checks_passed": [
              "Succeeded"
            ]
          },
          "metadata": {
            "operationMetadataId": "b94da9e7-0709-42b3-b23a-599c89aecacb"
          },
          "type": "InitializeVariable",
          "inputs": {
            "variables": [
              {
                "name": "return Value",
                "type": "boolean",
                "value": "@false"
              }
            ]
          }
        },
        "Respond_to_a_Power_App_or_flow": {
          "runAfter": {
            "Is_Ok_To_Delete": [
              "Succeeded",
              "TimedOut",
              "Failed",
              "Skipped"
            ]
          },
          "metadata": {
            "operationMetadataId": "e8e89b8f-533f-47cf-938d-508a11fc71c0"
          },
          "type": "Response",
          "kind": "PowerApp",
          "inputs": {
            "schema": {
              "type": "object",
              "properties": {
                "clear": {
                  "title": "clear",
                  "x-ms-dynamically-added": true,
                  "type": "boolean"
                }
              },
              "additionalProperties": {}
            },
            "statusCode": 200,
            "body": {
              "clear": "@variables('return Value')"
            }
          }
        },
        "Checks_Passed": {
          "runAfter": {
            "Apply_to_each": [
              "Succeeded"
            ]
          },
          "type": "Compose",
          "inputs": "@variables('checks passed')"
        },
        "Is_Exempt": {
          "runAfter": {
            "Checks_Passed": [
              "Succeeded"
            ]
          },
          "type": "Compose",
          "inputs": "@body('Get_this_item')?['spexpire_isexempt']"
        },
        "Expiration_Status": {
          "runAfter": {
            "Is_Exempt": [
              "Succeeded"
            ]
          },
          "type": "Compose",
          "inputs": "@body('Get_this_item')?['spexpire_expirationstate']"
        }
      }
    },
    "templateName": null
  },
  "schemaVersion": "1.0.0.0"
}