{
  "properties": {
    "connectionReferences": {
      "shared_webcontents": {
        "runtimeSource": "invoker",
        "connection": {},
        "api": {
          "name": "shared_webcontents"
        }
      }
    },
    "definition": {
      "$schema": "https://schema.management.azure.com/providers/Microsoft.Logic/schemas/2016-06-01/workflowdefinition.json#",
      "contentVersion": "1.0.0.0",
      "parameters": {
        "$connections": {
          "defaultValue": {},
          "type": "Object"
        },
        "$authentication": {
          "defaultValue": {},
          "type": "SecureObject"
        }
      },
      "triggers": {
        "manual": {
          "metadata": {
            "operationMetadataId": "851bdf1d-bad5-447e-97ef-0816e591d7ed"
          },
          "type": "Request",
          "kind": "PowerAppV2",
          "inputs": {
            "schema": {
              "type": "object",
              "properties": {
                "text": {
                  "title": "New Label",
                  "type": "string",
                  "x-ms-dynamically-added": true,
                  "description": "Please enter your input",
                  "x-ms-content-hint": "TEXT"
                }
              },
              "required": [
                "text"
              ]
            }
          }
        }
      },
      "actions": {
        "Initialize_Entity_Name": {
          "runAfter": {
            "Initialize_Environment_URL": [
              "Succeeded"
            ]
          },
          "metadata": {
            "operationMetadataId": "59753c57-401f-449a-a075-ba5eeabeb104"
          },
          "type": "InitializeVariable",
          "inputs": {
            "variables": [
              {
                "name": "Entity Name",
                "type": "string",
                "value": "crefd_deleteme"
              }
            ]
          },
          "description": "Entity Name must be all lower case using the Logical Name"
        },
        "Initialize_Column_Name": {
          "runAfter": {
            "Initialize_Entity_Name": [
              "Succeeded"
            ]
          },
          "metadata": {
            "operationMetadataId": "3b3b0921-368d-475a-a05b-16e1e0bdc7e4"
          },
          "type": "InitializeVariable",
          "inputs": {
            "variables": [
              {
                "name": "Column Name",
                "type": "string",
                "value": "crefd_choicecol"
              }
            ]
          },
          "description": "Column Name must be lower case using logical name value"
        },
        "Initialize_Environment_URL": {
          "runAfter": {},
          "metadata": {
            "operationMetadataId": "20fd9cf0-1f4d-4e6f-96ac-7ca8ff100a54"
          },
          "type": "InitializeVariable",
          "inputs": {
            "variables": [
              {
                "name": "Environment URL",
                "type": "string",
                "value": "https://org17f3374c.crm.dynamics.com"
              }
            ]
          }
        },
        "Initialize_New_Option_Label": {
          "runAfter": {
            "Initialize_Column_Name": [
              "Succeeded"
            ]
          },
          "metadata": {
            "operationMetadataId": "b20ce1df-2652-4ea1-bd97-0ac7b007fc05"
          },
          "type": "InitializeVariable",
          "inputs": {
            "variables": [
              {
                "name": "New Option Label",
                "type": "string",
                "value": "@triggerBody()['text']"
              }
            ]
          }
        },
        "Initialize_Max_Value": {
          "runAfter": {
            "Initialize_New_Option_Label": [
              "Succeeded"
            ]
          },
          "metadata": {
            "operationMetadataId": "e5c9426c-288c-4278-8a89-cd1ccba03685"
          },
          "type": "InitializeVariable",
          "inputs": {
            "variables": [
              {
                "name": "Max Value",
                "type": "integer",
                "value": 0
              }
            ]
          }
        },
        "Initialize_New_Option_Value": {
          "runAfter": {
            "Initialize_Max_Value": [
              "Succeeded"
            ]
          },
          "metadata": {
            "operationMetadataId": "1e635358-8df5-414d-a4fe-1c434a0ad446"
          },
          "type": "InitializeVariable",
          "inputs": {
            "variables": [
              {
                "name": "New Option Value",
                "type": "integer",
                "value": 0
              }
            ]
          },
          "description": "Initialize to 0 and find the largest value later in the flow"
        },
        "Example_-_Add_choice_with_value": {
          "actions": {
            "Get_Choice_Definition": {
              "runAfter": {},
              "metadata": {
                "operationMetadataId": "42e0c4bc-7808-49ac-96f5-24fa506c1800"
              },
              "type": "OpenApiConnection",
              "inputs": {
                "host": {
                  "apiId": "/providers/Microsoft.PowerApps/apis/shared_webcontents",
                  "connectionName": "shared_webcontents",
                  "operationId": "InvokeHttp"
                },
                "parameters": {
                  "request/method": "GET",
                  "request/url": "@{variables('Environment URL')}/api/data/v9.2.22054.150/EntityDefinitions(LogicalName='@{variables('Entity Name')}')/Attributes(LogicalName='@{variables('Column Name')}')/Microsoft.Dynamics.CRM.PicklistAttributeMetadata?$select=LogicalName,SchemaName,AttributeTypeName&$expand=OptionSet($select=Options)",
                  "request/headers": {
                    "Accept": "application/json",
                    "OData-MaxVersion": "4.0",
                    "OData-Version": "4.0"
                  }
                },
                "authentication": {
                  "value": "@json(decodeBase64(triggerOutputs().headers['X-MS-APIM-Tokens']))['$ConnectionKey']",
                  "type": "Raw"
                }
              }
            },
            "Parse_JSON": {
              "runAfter": {
                "Get_Choice_Definition": [
                  "Succeeded"
                ]
              },
              "metadata": {
                "operationMetadataId": "cf80043d-d950-449d-9f97-a66a22374c2b"
              },
              "type": "ParseJson",
              "inputs": {
                "content": "@body('Get_Choice_Definition')",
                "schema": {
                  "type": "object",
                  "properties": {
                    "@@odata.context": {
                      "type": "string"
                    },
                    "LogicalName": {
                      "type": "string"
                    },
                    "SchemaName": {
                      "type": "string"
                    },
                    "MetadataId": {
                      "type": "string"
                    },
                    "AttributeTypeName": {
                      "type": "object",
                      "properties": {
                        "Value": {
                          "type": "string"
                        }
                      }
                    },
                    "OptionSet": {
                      "type": "object",
                      "properties": {
                        "MetadataId": {
                          "type": "string"
                        },
                        "Options": {
                          "type": "array",
                          "items": {
                            "type": "object",
                            "properties": {
                              "Value": {
                                "type": "integer"
                              },
                              "Color": {
                                "type": [
                                  "string",
                                  "null"
                                ]
                              },
                              "IsManaged": {
                                "type": "boolean"
                              },
                              "ExternalValue": {
                                "type": [
                                  "string",
                                  "null"
                                ]
                              },
                              "ParentValues": {
                                "type": "array"
                              },
                              "MetadataId": {},
                              "HasChanged": {},
                              "Label": {
                                "type": "object",
                                "properties": {
                                  "LocalizedLabels": {
                                    "type": "array",
                                    "items": {
                                      "type": "object",
                                      "properties": {
                                        "Label": {
                                          "type": "string"
                                        },
                                        "LanguageCode": {
                                          "type": "integer"
                                        },
                                        "IsManaged": {
                                          "type": "boolean"
                                        },
                                        "MetadataId": {
                                          "type": "string"
                                        },
                                        "HasChanged": {}
                                      }
                                    }
                                  },
                                  "UserLocalizedLabel": {
                                    "type": "object",
                                    "properties": {
                                      "Label": {
                                        "type": "string"
                                      },
                                      "LanguageCode": {
                                        "type": "integer"
                                      },
                                      "IsManaged": {
                                        "type": "boolean"
                                      },
                                      "MetadataId": {
                                        "type": "string"
                                      },
                                      "HasChanged": {}
                                    }
                                  }
                                }
                              },
                              "Description": {
                                "type": "object",
                                "properties": {
                                  "LocalizedLabels": {
                                    "type": "array",
                                    "items": {
                                      "type": "object",
                                      "properties": {
                                        "Label": {
                                          "type": "string"
                                        },
                                        "LanguageCode": {
                                          "type": "integer"
                                        },
                                        "IsManaged": {
                                          "type": "boolean"
                                        },
                                        "MetadataId": {
                                          "type": "string"
                                        },
                                        "HasChanged": {}
                                      }
                                    }
                                  },
                                  "UserLocalizedLabel": {
                                    "type": [
                                      "object",
                                      "null"
                                    ],
                                    "properties": {
                                      "Label": {
                                        "type": "string"
                                      },
                                      "LanguageCode": {
                                        "type": "integer"
                                      },
                                      "IsManaged": {
                                        "type": "boolean"
                                      },
                                      "MetadataId": {
                                        "type": "string"
                                      },
                                      "HasChanged": {}
                                    }
                                  }
                                }
                              }
                            }
                          }
                        }
                      }
                    }
                  }
                }
              }
            },
            "Apply_to_each": {
              "foreach": "@body('Parse_JSON')?['OptionSet']?['Options']",
              "actions": {
                "If_larger_value_found": {
                  "actions": {
                    "Set_larger_value": {
                      "runAfter": {},
                      "metadata": {
                        "operationMetadataId": "f944ec74-7e08-4d6b-bc59-138ab79904bd"
                      },
                      "type": "SetVariable",
                      "inputs": {
                        "name": "Max Value",
                        "value": "@items('Apply_to_each')?['Value']"
                      }
                    }
                  },
                  "runAfter": {},
                  "expression": {
                    "greater": [
                      "@items('Apply_to_each')?['Value']",
                      "@variables('Max Value')"
                    ]
                  },
                  "metadata": {
                    "operationMetadataId": "27f084ed-ad8b-4049-ba2d-6dd06beda682"
                  },
                  "type": "If"
                }
              },
              "runAfter": {
                "Parse_JSON": [
                  "Succeeded"
                ]
              },
              "metadata": {
                "operationMetadataId": "bc0f5821-4a15-4c29-bbcf-ffc183a58be0"
              },
              "type": "Foreach"
            },
            "Set_variable": {
              "runAfter": {
                "Apply_to_each": [
                  "Succeeded"
                ]
              },
              "metadata": {
                "operationMetadataId": "0daa3253-feb2-4320-977a-2efc536e6155"
              },
              "type": "SetVariable",
              "inputs": {
                "name": "New Option Value",
                "value": "@add(variables('Max Value'),1)"
              }
            },
            "Add_choice_with_value": {
              "runAfter": {
                "Set_variable": [
                  "Succeeded"
                ]
              },
              "metadata": {
                "operationMetadataId": "8103f379-98f0-462e-855b-6e47829ca698"
              },
              "type": "OpenApiConnection",
              "inputs": {
                "host": {
                  "apiId": "/providers/Microsoft.PowerApps/apis/shared_webcontents",
                  "connectionName": "shared_webcontents",
                  "operationId": "InvokeHttp"
                },
                "parameters": {
                  "request/method": "POST",
                  "request/url": "@{variables('Environment URL')}/api/data/v9.2.22054.150/InsertOptionValue",
                  "request/headers": {
                    "Accept": "application/json",
                    "OData-MaxVersion": "4.0",
                    "OData-Version": "4.0",
                    "Content-Type": "application/json; charset=utf-8  "
                  },
                  "request/body": "{\n    \"AttributeLogicalName\": \"crefd_choicecol\",\n    \"EntityLogicalName\": \"crefd_deleteme\",\n    \"Value\": \"@{variables('New Option Value')}\",\n    \"Label\": {\n        \"LocalizedLabels\": [\n            {\n                \"Label\": \"@{variables('New Option Label')}\",\n                \"LanguageCode\": 1033\n            }\n        ],\n        \"UserLocalizedLabel\": {\n            \"Label\": \"@{variables('New Option Label')}\",\n            \"LanguageCode\": 1033\n        }\n    }\n}"
                },
                "authentication": {
                  "value": "@json(decodeBase64(triggerOutputs().headers['X-MS-APIM-Tokens']))['$ConnectionKey']",
                  "type": "Raw"
                }
              }
            }
          },
          "runAfter": {
            "Initialize_New_Option_Value": [
              "Succeeded"
            ]
          },
          "metadata": {
            "operationMetadataId": "674c85a8-821d-4ae7-b976-f66d295745b6"
          },
          "type": "Scope"
        },
        "Respond_to_a_PowerApp_or_flow": {
          "runAfter": {
            "Comment_Out_Adding_choice_without_value": [
              "Succeeded"
            ]
          },
          "metadata": {
            "operationMetadataId": "df9bbd32-6892-46ce-ae9f-59d27ffa96ef"
          },
          "type": "Response",
          "kind": "PowerApp",
          "inputs": {
            "statusCode": 200,
            "body": {},
            "schema": {
              "type": "object",
              "properties": {}
            }
          }
        },
        "Comment_Out_Adding_choice_without_value": {
          "actions": {
            "Example_-_Add_choice_without_value": {
              "actions": {
                "Add_choice_without_value": {
                  "runAfter": {},
                  "metadata": {
                    "operationMetadataId": "e08f049f-2d03-4433-b17d-c2bebd82c94c"
                  },
                  "type": "OpenApiConnection",
                  "inputs": {
                    "host": {
                      "apiId": "/providers/Microsoft.PowerApps/apis/shared_webcontents",
                      "connectionName": "shared_webcontents",
                      "operationId": "InvokeHttp"
                    },
                    "parameters": {
                      "request/method": "POST",
                      "request/url": "@{variables('Environment URL')}/api/data/v9.2.22054.150/InsertOptionValue",
                      "request/headers": {
                        "Accept": "application/json",
                        "OData-MaxVersion": "4.0",
                        "OData-Version": "4.0",
                        "Content-Type": "application/json; charset=utf-8  "
                      },
                      "request/body": "{\n    \"AttributeLogicalName\": \"@{variables('Column Name')}\",\n    \"EntityLogicalName\": \"@{variables('Entity Name')}\",\n    \"Label\": {\n        \"LocalizedLabels\": [\n            {\n                \"Label\": \"@{variables('New Option Label')}-2\",\n                \"LanguageCode\": 1033\n            }\n        ],\n        \"UserLocalizedLabel\": {\n            \"Label\": \"@{variables('New Option Label')}-2\",\n            \"LanguageCode\": 1033\n        }\n    }\n}"
                    },
                    "authentication": {
                      "value": "@json(decodeBase64(triggerOutputs().headers['X-MS-APIM-Tokens']))['$ConnectionKey']",
                      "type": "Raw"
                    }
                  }
                }
              },
              "runAfter": {},
              "metadata": {
                "operationMetadataId": "b8a663a1-fda4-4cd0-8127-d683978c6907"
              },
              "type": "Scope"
            }
          },
          "runAfter": {
            "Example_-_Add_choice_with_value": [
              "Succeeded"
            ]
          },
          "expression": {
            "equals": [
              1,
              0
            ]
          },
          "metadata": {
            "operationMetadataId": "33dd23b7-2807-4d12-823e-14602b37f882"
          },
          "type": "If"
        }
      }
    },
    "templateName": null
  },
  "schemaVersion": "1.0.0.0"
}