{
  "properties": {
    "connectionReferences": {
      "shared_webcontents": {
        "runtimeSource": "invoker",
        "connection": {},
        "api": {
          "name": "shared_webcontents"
        }
      }
    },
    "definition": {
      "$schema": "https://schema.management.azure.com/providers/Microsoft.Logic/schemas/2016-06-01/workflowdefinition.json#",
      "contentVersion": "1.0.0.0",
      "parameters": {
        "$connections": {
          "defaultValue": {},
          "type": "Object"
        },
        "$authentication": {
          "defaultValue": {},
          "type": "SecureObject"
        }
      },
      "triggers": {
        "manual": {
          "metadata": {
            "operationMetadataId": "851bdf1d-bad5-447e-97ef-0816e591d7ed"
          },
          "type": "Request",
          "kind": "PowerAppV2",
          "inputs": {
            "schema": {
              "type": "object",
              "properties": {},
              "required": []
            }
          }
        }
      },
      "actions": {
        "Initialize_Entity_Name": {
          "runAfter": {
            "Initialize_Environment_URL": [
              "Succeeded"
            ]
          },
          "metadata": {
            "operationMetadataId": "59753c57-401f-449a-a075-ba5eeabeb104"
          },
          "type": "InitializeVariable",
          "inputs": {
            "variables": [
              {
                "name": "Entity Name",
                "type": "string",
                "value": "crefd_deleteme"
              }
            ]
          },
          "description": "Entity Name must be all lower case using the Logical Name"
        },
        "Initialize_Column_Name": {
          "runAfter": {
            "Initialize_Entity_Name": [
              "Succeeded"
            ]
          },
          "metadata": {
            "operationMetadataId": "3b3b0921-368d-475a-a05b-16e1e0bdc7e4"
          },
          "type": "InitializeVariable",
          "inputs": {
            "variables": [
              {
                "name": "Column Name",
                "type": "string",
                "value": "crefd_choicecol"
              }
            ]
          },
          "description": "Column Name must be lower case using logical name value"
        },
        "Initialize_Environment_URL": {
          "runAfter": {},
          "metadata": {
            "operationMetadataId": "20fd9cf0-1f4d-4e6f-96ac-7ca8ff100a54"
          },
          "type": "InitializeVariable",
          "inputs": {
            "variables": [
              {
                "name": "Environment URL",
                "type": "string",
                "value": "https://org17f3374c.crm.dynamics.com"
              }
            ]
          }
        },
        "Response": {
          "runAfter": {
            "Apply_to_each": [
              "Succeeded"
            ]
          },
          "metadata": {
            "operationMetadataId": "da05fc1b-b4ec-4088-bcc0-c7f696051bb3"
          },
          "type": "Response",
          "kind": "Http",
          "inputs": {
            "statusCode": 200,
            "body": {
              "results": "@variables('returnItems')"
            },
            "schema": {
              "type": "object",
              "properties": {
                "results": {
                  "type": "array",
                  "items": {
                    "type": "object",
                    "properties": {
                      "Value": {
                        "type": "string"
                      },
                      "Label": {
                        "type": "string"
                      }
                    },
                    "required": [
                      "Label",
                      "Value"
                    ]
                  }
                }
              }
            }
          }
        },
        "Get_Choice_Definition_2": {
          "runAfter": {
            "Initialize_returnItems": [
              "Succeeded"
            ]
          },
          "metadata": {
            "operationMetadataId": "42e0c4bc-7808-49ac-96f5-24fa506c1800"
          },
          "type": "OpenApiConnection",
          "inputs": {
            "host": {
              "apiId": "/providers/Microsoft.PowerApps/apis/shared_webcontents",
              "connectionName": "shared_webcontents",
              "operationId": "InvokeHttp"
            },
            "parameters": {
              "request/method": "GET",
              "request/url": "@{variables('Environment URL')}/api/data/v9.2.22054.150/EntityDefinitions(LogicalName='@{variables('Entity Name')}')/Attributes(LogicalName='@{variables('Column Name')}')/Microsoft.Dynamics.CRM.PicklistAttributeMetadata?$select=LogicalName,SchemaName,AttributeTypeName&$expand=OptionSet($select=Options)",
              "request/headers": {
                "Accept": "application/json",
                "OData-MaxVersion": "4.0",
                "OData-Version": "4.0"
              }
            },
            "authentication": {
              "value": "@json(decodeBase64(triggerOutputs().headers['X-MS-APIM-Tokens']))['$ConnectionKey']",
              "type": "Raw"
            }
          }
        },
        "Parse_JSON_2": {
          "runAfter": {
            "Get_Choice_Definition_2": [
              "Succeeded"
            ]
          },
          "metadata": {
            "operationMetadataId": "cf80043d-d950-449d-9f97-a66a22374c2b"
          },
          "type": "ParseJson",
          "inputs": {
            "content": "@body('Get_Choice_Definition_2')",
            "schema": {
              "type": "object",
              "properties": {
                "@@odata.context": {
                  "type": "string"
                },
                "LogicalName": {
                  "type": "string"
                },
                "SchemaName": {
                  "type": "string"
                },
                "MetadataId": {
                  "type": "string"
                },
                "AttributeTypeName": {
                  "type": "object",
                  "properties": {
                    "Value": {
                      "type": "string"
                    }
                  }
                },
                "OptionSet": {
                  "type": "object",
                  "properties": {
                    "MetadataId": {
                      "type": "string"
                    },
                    "Options": {
                      "type": "array",
                      "items": {
                        "type": "object",
                        "properties": {
                          "Value": {
                            "type": "integer"
                          },
                          "Color": {
                            "type": [
                              "string",
                              "null"
                            ]
                          },
                          "IsManaged": {
                            "type": "boolean"
                          },
                          "ExternalValue": {
                            "type": [
                              "string",
                              "null"
                            ]
                          },
                          "ParentValues": {
                            "type": "array"
                          },
                          "MetadataId": {},
                          "HasChanged": {},
                          "Label": {
                            "type": "object",
                            "properties": {
                              "LocalizedLabels": {
                                "type": "array",
                                "items": {
                                  "type": "object",
                                  "properties": {
                                    "Label": {
                                      "type": "string"
                                    },
                                    "LanguageCode": {
                                      "type": "integer"
                                    },
                                    "IsManaged": {
                                      "type": "boolean"
                                    },
                                    "MetadataId": {
                                      "type": "string"
                                    },
                                    "HasChanged": {}
                                  }
                                }
                              },
                              "UserLocalizedLabel": {
                                "type": "object",
                                "properties": {
                                  "Label": {
                                    "type": "string"
                                  },
                                  "LanguageCode": {
                                    "type": "integer"
                                  },
                                  "IsManaged": {
                                    "type": "boolean"
                                  },
                                  "MetadataId": {
                                    "type": "string"
                                  },
                                  "HasChanged": {}
                                }
                              }
                            }
                          },
                          "Description": {
                            "type": "object",
                            "properties": {
                              "LocalizedLabels": {
                                "type": "array",
                                "items": {
                                  "type": "object",
                                  "properties": {
                                    "Label": {
                                      "type": "string"
                                    },
                                    "LanguageCode": {
                                      "type": "integer"
                                    },
                                    "IsManaged": {
                                      "type": "boolean"
                                    },
                                    "MetadataId": {
                                      "type": "string"
                                    },
                                    "HasChanged": {}
                                  }
                                }
                              },
                              "UserLocalizedLabel": {
                                "type": [
                                  "object",
                                  "null"
                                ],
                                "properties": {
                                  "Label": {
                                    "type": "string"
                                  },
                                  "LanguageCode": {
                                    "type": "integer"
                                  },
                                  "IsManaged": {
                                    "type": "boolean"
                                  },
                                  "MetadataId": {
                                    "type": "string"
                                  },
                                  "HasChanged": {}
                                }
                              }
                            }
                          }
                        }
                      }
                    }
                  }
                }
              }
            }
          }
        },
        "Apply_to_each": {
          "foreach": "@body('Parse_JSON_2')?['OptionSet']?['Options']",
          "actions": {
            "Filter_array": {
              "runAfter": {},
              "metadata": {
                "operationMetadataId": "078a664c-573b-4365-b04a-df52a6855290"
              },
              "type": "Query",
              "inputs": {
                "from": "@items('Apply_to_each')?['Label']?['LocalizedLabels']",
                "where": "@equals(item()?['LanguageCode'], 1033)"
              }
            },
            "Append_to_array_variable": {
              "runAfter": {
                "Filter_array": [
                  "Succeeded"
                ]
              },
              "metadata": {
                "operationMetadataId": "7ac63093-2803-4fd6-907b-c19d343564ba"
              },
              "type": "AppendToArrayVariable",
              "inputs": {
                "name": "returnItems",
                "value": {
                  "Label": "@{first(body('Filter_array'))?['Label']}",
                  "Value": "@{items('Apply_to_each')?['Value']}"
                }
              }
            }
          },
          "runAfter": {
            "Parse_JSON_2": [
              "Succeeded"
            ]
          },
          "metadata": {
            "operationMetadataId": "c3b68cac-21eb-49e8-a925-26fdb09bf4f6"
          },
          "type": "Foreach"
        },
        "Initialize_returnItems": {
          "runAfter": {
            "Initialize_Column_Name": [
              "Succeeded"
            ]
          },
          "metadata": {
            "operationMetadataId": "5f164617-8795-4bf3-8eea-4b1ac1d4265d"
          },
          "type": "InitializeVariable",
          "inputs": {
            "variables": [
              {
                "name": "returnItems",
                "type": "array",
                "value": []
              }
            ]
          }
        }
      }
    },
    "templateName": null
  },
  "schemaVersion": "1.0.0.0"
}