{"schemaVersion":"1.0","appDefinitionTemplate":{"id":"/providers/Microsoft.PowerApps/apps/","type":"Microsoft.PowerApps/apps","tags":{"primaryDeviceWidth":"1366","primaryDeviceHeight":"768","supportsPortrait":"true","supportsLandscape":"true","primaryFormFactor":"Tablet","publisherVersion":"3.22102.33","minimumRequiredApiVersion":"2.2.0","hasComponent":"false","hasUnlockedComponent":"false","isUnifiedRootApp":"false","sienaVersion":"20221028T211112Z-3.22102.33.0"},"properties":{"appVersion":"2022-10-28T21:11:12Z","lifeCycleId":"Published","createdByClientVersion":{"major":3,"minor":22102,"build":33,"revision":0,"majorRevision":0,"minorRevision":0},"minClientVersion":{"major":3,"minor":22102,"build":33,"revision":0,"majorRevision":0,"minorRevision":0},"backgroundColor":"RGBA(0,176,240,1)","backgroundImageUri":"/10995447482323451837/Neba81cc9-b5ff-459c-9088-f63e8e7f443f-logoSmallFile","displayName":"email and domain regex tester","description":"","commitMessage":"","appUris":{"documentUri":{"value":"/10995447482323451837/N135bec43-195f-4cef-aeb2-c5b71db12fc0-document.msapp"},"imageUris":[],"additionalUris":[]},"createdTime":"0001-01-01T00:00:00Z","lastModifiedTime":"0001-01-01T00:00:00Z","sharedGroupsCount":0,"sharedUsersCount":0,"icons":{"smallIconUri":"/10995447482323451837/N3a4193ee-2264-4ee2-8232-7d48efe4d7b0-small.png","mediumIconUri":"/10995447482323451837/N009b4646-fe0d-440c-9e0f-d962ea97c928-medium.png","largeIconUri":"/10995447482323451837/Na73df5cf-e123-46e4-9e48-31b2e2d2fd77-large.png","wideIconUri":"/10995447482323451837/N80b12743-db8f-42c1-a0af-fed431b08b2a-wide.png"},"connectionReferences":{},"databaseReferences":{},"almMode":"Environment","performanceOptimizationEnabled":true,"canConsumeAppPass":true,"enableModernRuntimeMode":false,"executionRestrictions":{"isTeamsOnly":false,"dataLossPreventionEvaluationResult":{"status":"Compliant","lastEvaluationDate":"2022-10-28T21:11:29.0493528Z","violations":[],"violationsByPolicy":[],"violationErrorMessage":"The app uses the following connectors: ."}}},"appType":"ClassicCanvasApp","appComponents":[]}}