{"schemaVersion":"1.0","appDefinitionTemplate":{"id":"/providers/Microsoft.PowerApps/apps/","type":"Microsoft.PowerApps/apps","tags":{"primaryDeviceWidth":"1366","primaryDeviceHeight":"768","sienaVersion":"20220629T163005Z-3.22062.5.0","deviceCapabilities":"","supportsPortrait":"true","supportsLandscape":"true","primaryFormFactor":"Tablet","publisherVersion":"3.22062.5","minimumRequiredApiVersion":"2.2.0","hasComponent":"false","hasUnlockedComponent":"false","isUnifiedRootApp":"false"},"properties":{"appVersion":"2022-06-29T16:30:05Z","lifeCycleId":"Published","createdByClientVersion":{"major":3,"minor":22062,"build":5,"revision":0,"majorRevision":0,"minorRevision":0},"minClientVersion":{"major":3,"minor":22062,"build":5,"revision":0,"majorRevision":0,"minorRevision":0},"backgroundColor":"RGBA(0,176,240,1)","backgroundImageUri":"/468450332941881002/N81b16014-bc49-4bc9-af9c-4c0b666e898d-logoSmallFile","displayName":"Enhanced Nesed Gallery Table Examples","description":"","commitMessage":"","appUris":{"documentUri":{"value":"/468450332941881002/Nb1c9e17c-97be-4188-b8a4-36afbd5f0d5d-document.msapp"},"imageUris":[]},"createdTime":"0001-01-01T00:00:00Z","lastModifiedTime":"0001-01-01T00:00:00Z","sharedGroupsCount":0,"sharedUsersCount":0,"icons":{"smallIconUri":"/468450332941881002/Nc7c80cf6-33a2-4503-b999-0d9e9b4f064c-small.png","mediumIconUri":"/468450332941881002/N6b4ab5cd-f8c1-431d-aba9-e169ed9a92d0-medium.png","largeIconUri":"/468450332941881002/N199b9c37-64fe-431e-a165-c9a7749131a2-large.png","wideIconUri":"/468450332941881002/Nf34c5d8b-67a4-4b7e-8d3e-67f9914c3c84-wide.png"},"connectionReferences":{},"databaseReferences":{},"almMode":"Environment","performanceOptimizationEnabled":true,"canConsumeAppPass":true,"executionRestrictions":{"isTeamsOnly":false,"dataLossPreventionEvaluationResult":{"status":"Compliant","lastEvaluationDate":"2022-06-23T15:00:23.2104393Z","violations":[],"violationsByPolicy":[],"violationErrorMessage":"The app uses the following connectors: ."}}},"appType":"ClassicCanvasApp","appComponents":[]}}