{
  "properties": {
    "connectionReferences": {
      "shared_office365": {
        "runtimeSource": "invoker",
        "connection": {
          "connectionReferenceLogicalName": "cr35b_sharedoffice365_ac81d"
        },
        "api": {
          "name": "shared_office365"
        }
      }
    },
    "definition": {
      "$schema": "https://schema.management.azure.com/providers/Microsoft.Logic/schemas/2016-06-01/workflowdefinition.json#",
      "contentVersion": "1.0.0.0",
      "parameters": {
        "$connections": {
          "defaultValue": {},
          "type": "Object"
        },
        "$authentication": {
          "defaultValue": {},
          "type": "SecureObject"
        }
      },
      "triggers": {
        "manual": {
          "metadata": {
            "operationMetadataId": "d4f3ea32-33b4-42de-a176-32673a4a253c"
          },
          "type": "Request",
          "kind": "Button",
          "inputs": {
            "schema": {
              "type": "object",
              "properties": {},
              "required": []
            }
          }
        }
      },
      "actions": {
        "Initialize_Customer_Name": {
          "runAfter": {},
          "metadata": {
            "operationMetadataId": "05bbb769-9742-4f2d-98f8-e73f255ea580"
          },
          "type": "InitializeVariable",
          "inputs": {
            "variables": [
              {
                "name": "Customer Name",
                "type": "string",
                "value": "Contoso"
              }
            ]
          }
        },
        "Initialize_Recipient_Name": {
          "runAfter": {
            "Initialize_Customer_Name": [
              "Succeeded"
            ]
          },
          "metadata": {
            "operationMetadataId": "e56fd680-e83f-4c37-8d4c-e859f820fa99"
          },
          "type": "InitializeVariable",
          "inputs": {
            "variables": [
              {
                "name": "Recipient Name",
                "type": "string",
                "value": "John Doe"
              }
            ]
          }
        },
        "Initialize_Order_Number": {
          "runAfter": {
            "Initialize_Recipient_Name": [
              "Succeeded"
            ]
          },
          "metadata": {
            "operationMetadataId": "80be8681-b9e9-41e7-b6a5-3d38789ae0d9"
          },
          "type": "InitializeVariable",
          "inputs": {
            "variables": [
              {
                "name": "Order Number",
                "type": "string",
                "value": "ABC1234563"
              }
            ]
          }
        },
        "Initialize_variable": {
          "runAfter": {
            "Initialize_Order_Number": [
              "Succeeded"
            ]
          },
          "metadata": {
            "operationMetadataId": "0ec8edd3-a687-44ea-a223-4da8c76ae46c"
          },
          "type": "InitializeVariable",
          "inputs": {
            "variables": [
              {
                "name": "Item Link",
                "type": "string",
                "value": "https://www.microsoft.com"
              }
            ]
          }
        },
        "Generate_Text_From_Template": {
          "runAfter": {
            "Initialize_Placeholder_Values": [
              "Succeeded"
            ]
          },
          "metadata": {
            "operationMetadataId": "1843ef28-92aa-448c-9038-a37cfab5b626"
          },
          "type": "Workflow",
          "inputs": {
            "host": {
              "workflowReferenceName": "218cc3bd-c2d6-ec11-a7b5-000d3a5c58eb"
            },
            "body": {
              "text": "@variables('Placeholder Values')",
              "text_1": "Step 1"
            }
          }
        },
        "Initialize_Placeholder_Values": {
          "runAfter": {
            "Initialize_variable": [
              "Succeeded"
            ]
          },
          "metadata": {
            "operationMetadataId": "46c3377a-eac6-445e-9e9b-0cf1f92d0da7"
          },
          "type": "InitializeVariable",
          "inputs": {
            "variables": [
              {
                "name": "Placeholder Values",
                "type": "string",
                "value": "[\n{\n\"Name\": \"Recipient\",\n\"Value\": \"@{variables('Recipient Name')}\"\n},\n{\n\"Name\": \"Customer\",\n\"Value\": \"@{variables('Customer Name')}\"\n},\n{\n\"Name\": \"OrderNumber\",\n\"Value\": \"@{variables('Order Number')}\"\n},\n{\n\"Name\": \"ItemLink\",\n\"Value\": \"@{variables('Item Link')}\"\n}\n]"
              }
            ]
          }
        },
        "Send_an_email_(V2)": {
          "runAfter": {
            "Generate_Text_From_Template": [
              "Succeeded"
            ]
          },
          "metadata": {
            "operationMetadataId": "5c552ca4-c6d1-4c55-9451-d7e44dd61388"
          },
          "type": "OpenApiConnection",
          "inputs": {
            "host": {
              "connectionName": "shared_office365",
              "operationId": "SendEmailV2",
              "apiId": "/providers/Microsoft.PowerApps/apis/shared_office365"
            },
            "parameters": {
              "emailMessage/To": "admin@M365x731247.OnMicrosoft.com",
              "emailMessage/Subject": "test",
              "emailMessage/Body": "<p>@{body('Generate_Text_From_Template')?['text']}</p>"
            },
            "authentication": {
              "type": "Raw",
              "value": "@json(decodeBase64(triggerOutputs().headers['X-MS-APIM-Tokens']))['$ConnectionKey']"
            }
          }
        }
      }
    },
    "templateName": null
  },
  "schemaVersion": "1.0.0.0"
}