{
  "properties": {
    "connectionReferences": {
      "shared_sharepointonline_1": {
        "runtimeSource": "embedded",
        "connection": {
          "connectionReferenceLogicalName": "crdb7_EmailTemplateConnection"
        },
        "api": {
          "name": "shared_sharepointonline"
        }
      }
    },
    "definition": {
      "$schema": "https://schema.management.azure.com/providers/Microsoft.Logic/schemas/2016-06-01/workflowdefinition.json#",
      "contentVersion": "1.0.0.0",
      "parameters": {
        "$connections": {
          "defaultValue": {},
          "type": "Object"
        },
        "$authentication": {
          "defaultValue": {},
          "type": "SecureObject"
        },
        "EmailTemplate - Site (crdb7_EmailTemplateSite)": {
          "defaultValue": "https://m365x731247.sharepoint.com/teams/test-site-30",
          "type": "String",
          "metadata": {
            "schemaName": "crdb7_EmailTemplateSite"
          }
        },
        "EmailTemplate - List (crdb7_EmailTemplateList)": {
          "defaultValue": "acd31a9a-f91d-4ebc-b78b-4c3c43f94438",
          "type": "String",
          "metadata": {
            "schemaName": "crdb7_EmailTemplateList"
          }
        }
      },
      "triggers": {
        "manual": {
          "metadata": {
            "operationMetadataId": "d25a5145-d9b6-4b28-84b3-85913911a9ef"
          },
          "type": "Request",
          "kind": "Button",
          "inputs": {
            "schema": {
              "type": "object",
              "properties": {
                "text": {
                  "title": "Values Object",
                  "type": "string",
                  "x-ms-dynamically-added": true,
                  "description": "JSON array of { \"Name:\" \"Key\", \"Value:\" \"value\" } objects",
                  "x-ms-content-hint": "TEXT"
                },
                "text_1": {
                  "title": "Template Name",
                  "type": "string",
                  "x-ms-dynamically-added": true,
                  "description": "The Title of the email template",
                  "x-ms-content-hint": "TEXT"
                }
              },
              "required": [
                "text",
                "text_1"
              ]
            }
          },
          "description": "Values Ojbect Example: [     {         \"Name\": \"Recipient\",         \"Value\": \"John Doe\"     },     {         \"Name\": \"Customer\",         \"Value\": \"Contoso\"     },     {         \"Name\": \"ItemLink\",         \"Value\": \"https://www.microsoft.com\"     } ]"
        }
      },
      "actions": {
        "Placeholder_Values": {
          "runAfter": {},
          "metadata": {
            "operationMetadataId": "f3ae4fe1-3c68-434c-a743-4c84c5b954f7"
          },
          "type": "ParseJson",
          "inputs": {
            "content": "@triggerBody()['text']",
            "schema": {
              "type": "array",
              "items": {
                "type": "object",
                "properties": {
                  "Name": {
                    "type": "string"
                  },
                  "Value": {
                    "type": "string"
                  }
                },
                "required": [
                  "Name",
                  "Value"
                ]
              }
            }
          }
        },
        "Get_Template_By_Name": {
          "runAfter": {
            "Placeholder_Values": [
              "Succeeded"
            ]
          },
          "metadata": {
            "operationMetadataId": "da279139-7a68-4e5e-a160-2e07e04e5855"
          },
          "type": "OpenApiConnection",
          "inputs": {
            "host": {
              "apiId": "/providers/Microsoft.PowerApps/apis/shared_sharepointonline",
              "connectionName": "shared_sharepointonline_1",
              "operationId": "GetItems"
            },
            "parameters": {
              "dataset": "@parameters('EmailTemplate - Site (crdb7_EmailTemplateSite)')",
              "table": "@parameters('EmailTemplate - List (crdb7_EmailTemplateList)')",
              "$filter": "Title eq '@{triggerBody()['text_1']}'",
              "$top": 1
            },
            "authentication": {
              "value": "@json(decodeBase64(triggerOutputs().headers['X-MS-APIM-Tokens']))['$ConnectionKey']",
              "type": "Raw"
            }
          }
        },
        "Initialize_Template_Body": {
          "runAfter": {
            "Get_Template_By_Name": [
              "Succeeded"
            ]
          },
          "metadata": {
            "operationMetadataId": "d304e32b-f7e1-4da6-b9b0-d190630f84d0"
          },
          "type": "InitializeVariable",
          "inputs": {
            "variables": [
              {
                "name": "Template Body",
                "type": "string",
                "value": "@{first(outputs('Get_Template_By_Name')?['body/value'])?['TemplateBody']}"
              }
            ]
          }
        },
        "Initialize_Temp_Text": {
          "runAfter": {
            "Initialize_Template_Body": [
              "Succeeded"
            ]
          },
          "metadata": {
            "operationMetadataId": "e833d0be-b6e9-4930-ab0c-edcad44ff6a3"
          },
          "type": "InitializeVariable",
          "inputs": {
            "variables": [
              {
                "name": "Temp Text",
                "type": "string"
              }
            ]
          },
          "description": "Initial value of Template Body"
        },
        "Replace_Placeholder_Value": {
          "runAfter": {
            "Initialize_Temp_Text": [
              "Succeeded"
            ]
          },
          "metadata": {
            "operationMetadataId": "bdc26bb3-7aba-4cbc-909e-aa9c71f5d054"
          },
          "type": "SetVariable",
          "inputs": {
            "name": "Temp Text",
            "value": "\"123\""
          }
        },
        "For_Each_Placeholder": {
          "foreach": "@body('Placeholder_Values')",
          "actions": {
            "Replace_Value_in_Temp_Text": {
              "runAfter": {},
              "metadata": {
                "operationMetadataId": "628a1f01-e9bf-4258-8f1d-d0f714c8185c"
              },
              "type": "SetVariable",
              "inputs": {
                "name": "Temp Text",
                "value": "@{replace(variables('Template Body'),concat('&lt;&lt;',item()?['Name'],'&gt;&gt;'),item()?['Value'])}"
              }
            },
            "Set_Template_Body_Value": {
              "runAfter": {
                "Replace_Value_in_Temp_Text": [
                  "Succeeded"
                ]
              },
              "metadata": {
                "operationMetadataId": "bd570c61-db8e-4b56-a0c8-5e9ad5ce9222"
              },
              "type": "SetVariable",
              "inputs": {
                "name": "Template Body",
                "value": "@variables('Temp Text')"
              }
            }
          },
          "runAfter": {
            "Replace_Placeholder_Value": [
              "Succeeded"
            ]
          },
          "metadata": {
            "operationMetadataId": "ec06b358-095c-464d-ab30-51ddc63b537b"
          },
          "type": "Foreach"
        },
        "Respond_to_a_PowerApp_or_flow": {
          "runAfter": {
            "For_Each_Placeholder": [
              "Succeeded"
            ]
          },
          "metadata": {
            "operationMetadataId": "111b66f7-9ce2-413e-9f3a-800b72f04dc6"
          },
          "type": "Response",
          "kind": "PowerApp",
          "inputs": {
            "statusCode": 200,
            "body": {
              "text": "@variables('Template Body')"
            },
            "schema": {
              "type": "object",
              "properties": {
                "text": {
                  "title": "Text",
                  "x-ms-dynamically-added": true,
                  "type": "string"
                }
              }
            }
          }
        }
      }
    },
    "templateName": null
  },
  "schemaVersion": "1.0.0.0"
}