<ImportExportXml version="9.2.24052.212" SolutionPackageVersion="9.2" languagecode="1033" generatedBy="CrmLive" xmlns:xsi="http://www.w3.org/2001/XMLSchema-instance">
  <SolutionManifest>
    <UniqueName>SharePointSiteExpiration</UniqueName>
    <LocalizedNames>
      <LocalizedName description="SharePoint Site Expiration" languagecode="1033" />
    </LocalizedNames>
    <Descriptions />
    <Version>1.0.0.6</Version>
    <Managed>0</Managed>
    <Publisher>
      <UniqueName>SharePointSiteExpiration</UniqueName>
      <LocalizedNames>
        <LocalizedName description="SharePoint Site Expiration" languagecode="1033" />
      </LocalizedNames>
      <Descriptions />
      <EMailAddress xsi:nil="true"></EMailAddress>
      <SupportingWebsiteUrl xsi:nil="true"></SupportingWebsiteUrl>
      <CustomizationPrefix>spexpire</CustomizationPrefix>
      <CustomizationOptionValuePrefix>92500</CustomizationOptionValuePrefix>
      <Addresses>
        <Address>
          <AddressNumber>1</AddressNumber>
          <AddressTypeCode>1</AddressTypeCode>
          <City xsi:nil="true"></City>
          <County xsi:nil="true"></County>
          <Country xsi:nil="true"></Country>
          <Fax xsi:nil="true"></Fax>
          <FreightTermsCode xsi:nil="true"></FreightTermsCode>
          <ImportSequenceNumber xsi:nil="true"></ImportSequenceNumber>
          <Latitude xsi:nil="true"></Latitude>
          <Line1 xsi:nil="true"></Line1>
          <Line2 xsi:nil="true"></Line2>
          <Line3 xsi:nil="true"></Line3>
          <Longitude xsi:nil="true"></Longitude>
          <Name xsi:nil="true"></Name>
          <PostalCode xsi:nil="true"></PostalCode>
          <PostOfficeBox xsi:nil="true"></PostOfficeBox>
          <PrimaryContactName xsi:nil="true"></PrimaryContactName>
          <ShippingMethodCode>1</ShippingMethodCode>
          <StateOrProvince xsi:nil="true"></StateOrProvince>
          <Telephone1 xsi:nil="true"></Telephone1>
          <Telephone2 xsi:nil="true"></Telephone2>
          <Telephone3 xsi:nil="true"></Telephone3>
          <TimeZoneRuleVersionNumber xsi:nil="true"></TimeZoneRuleVersionNumber>
          <UPSZone xsi:nil="true"></UPSZone>
          <UTCOffset xsi:nil="true"></UTCOffset>
          <UTCConversionTimeZoneCode xsi:nil="true"></UTCConversionTimeZoneCode>
        </Address>
        <Address>
          <AddressNumber>2</AddressNumber>
          <AddressTypeCode>1</AddressTypeCode>
          <City xsi:nil="true"></City>
          <County xsi:nil="true"></County>
          <Country xsi:nil="true"></Country>
          <Fax xsi:nil="true"></Fax>
          <FreightTermsCode xsi:nil="true"></FreightTermsCode>
          <ImportSequenceNumber xsi:nil="true"></ImportSequenceNumber>
          <Latitude xsi:nil="true"></Latitude>
          <Line1 xsi:nil="true"></Line1>
          <Line2 xsi:nil="true"></Line2>
          <Line3 xsi:nil="true"></Line3>
          <Longitude xsi:nil="true"></Longitude>
          <Name xsi:nil="true"></Name>
          <PostalCode xsi:nil="true"></PostalCode>
          <PostOfficeBox xsi:nil="true"></PostOfficeBox>
          <PrimaryContactName xsi:nil="true"></PrimaryContactName>
          <ShippingMethodCode>1</ShippingMethodCode>
          <StateOrProvince xsi:nil="true"></StateOrProvince>
          <Telephone1 xsi:nil="true"></Telephone1>
          <Telephone2 xsi:nil="true"></Telephone2>
          <Telephone3 xsi:nil="true"></Telephone3>
          <TimeZoneRuleVersionNumber xsi:nil="true"></TimeZoneRuleVersionNumber>
          <UPSZone xsi:nil="true"></UPSZone>
          <UTCOffset xsi:nil="true"></UTCOffset>
          <UTCConversionTimeZoneCode xsi:nil="true"></UTCConversionTimeZoneCode>
        </Address>
      </Addresses>
    </Publisher>
    <RootComponents>
      <RootComponent type="1" schemaName="spexpire_sharepointsiteexpirations" behavior="0" />
      <RootComponent type="9" schemaName="spexpire_expirationstate" behavior="0" />
      <RootComponent type="29" id="{10c98a8d-e378-ee11-8179-000d3a1b97ad}" behavior="0" />
      <RootComponent type="29" id="{143a1abf-2328-ef11-840a-7c1e52180364}" behavior="0" />
      <RootComponent type="29" id="{29cd85be-de24-ef11-840a-7c1e52180364}" behavior="0" />
      <RootComponent type="29" id="{5cf44f34-3328-ef11-840a-7c1e52180364}" behavior="0" />
      <RootComponent type="29" id="{6d51c7ef-0925-ef11-840a-7c1e52180364}" behavior="0" />
      <RootComponent type="29" id="{7799d7c1-3328-ef11-840a-7c1e52180364}" behavior="0" />
      <RootComponent type="29" id="{8b62c589-182f-ef11-840a-7c1e52180364}" behavior="0" />
      <RootComponent type="29" id="{8c1549ae-af22-ef11-840b-7c1e520015bc}" behavior="0" />
      <RootComponent type="29" id="{94fdd201-b222-ef11-840b-7c1e520015bc}" behavior="0" />
      <RootComponent type="29" id="{9e777cab-e424-ef11-840a-7c1e52180364}" behavior="0" />
      <RootComponent type="29" id="{b4eebaec-4c23-ef11-840b-7c1e520015bc}" behavior="0" />
      <RootComponent type="29" id="{be018b7d-1324-ef11-840a-7c1e52180364}" behavior="0" />
    </RootComponents>
    <MissingDependencies>
      <MissingDependency>
        <Required type="1" schemaName="msdyn_flow_approval" displayName="Approval" solution="msdyn_FlowApprovalsCore (2.0.4.8)">
          <package>msdyn_FlowApprovals (2.0.4.8)</package>
        </Required>
        <Dependent type="29" displayName="SP Expiration | Approval Complete" id="{6d51c7ef-0925-ef11-840a-7c1e52180364}" />
      </MissingDependency>
      <MissingDependency>
        <Required type="1" schemaName="msdyn_flow_approval" displayName="Approval" solution="msdyn_FlowApprovalsCore (2.0.4.8)">
          <package>msdyn_FlowApprovals (2.0.4.8)</package>
        </Required>
        <Dependent type="29" displayName="SP Expiration | Request Exemption" id="{8b62c589-182f-ef11-840a-7c1e52180364}" />
      </MissingDependency>
      <MissingDependency>
        <Required type="1" schemaName="msdyn_flow_approvalresponse" displayName="Approval Response" solution="msdyn_FlowApprovalsCore (2.0.4.8)">
          <package>msdyn_FlowApprovals (2.0.4.8)</package>
        </Required>
        <Dependent type="29" displayName="SP Expiration | Request Exemption" id="{8b62c589-182f-ef11-840a-7c1e52180364}" />
      </MissingDependency>
    </MissingDependencies>
  </SolutionManifest>
</ImportExportXml>