<ImportExportXml xmlns:xsi="http://www.w3.org/2001/XMLSchema-instance">
  <Entities></Entities>
  <Roles></Roles>
  <Workflows>
    <Workflow WorkflowId="{5c6acb1e-708d-ee11-8178-000d3a324717}" Name="SharePoint | Add User To SharePoint Group" Description="Adds a user to the specified SharePoint group.">
      <JsonFileName>/Workflows/SharePointAddUserToSharePointGroup-5C6ACB1E-708D-EE11-8178-000D3A324717.json</JsonFileName>
      <Type>1</Type>
      <Subprocess>0</Subprocess>
      <Category>5</Category>
      <Mode>0</Mode>
      <Scope>4</Scope>
      <OnDemand>0</OnDemand>
      <TriggerOnCreate>0</TriggerOnCreate>
      <TriggerOnDelete>0</TriggerOnDelete>
      <AsyncAutodelete>0</AsyncAutodelete>
      <SyncWorkflowLogOnFailure>0</SyncWorkflowLogOnFailure>
      <StateCode>1</StateCode>
      <StatusCode>2</StatusCode>
      <RunAs>1</RunAs>
      <IsTransacted>1</IsTransacted>
      <IntroducedVersion>1.0.0.0</IntroducedVersion>
      <IsCustomizable>1</IsCustomizable>
      <IsCustomProcessingStepAllowedForOtherPublishers>1</IsCustomProcessingStepAllowedForOtherPublishers>
      <PrimaryEntity>none</PrimaryEntity>
      <LocalizedNames>
        <LocalizedName languagecode="1033" description="SharePoint | Add User To SharePoint Group" />
      </LocalizedNames>
      <Descriptions>
        <Description languagecode="1033" description="Adds a user to the specified SharePoint group." />
      </Descriptions>
    </Workflow>
    <Workflow WorkflowId="{5e5bf7f1-758d-ee11-8178-000d3a324717}" Name="SharePoint | Get Site Collection Administrators" Description="Returns an array of site collection administrators added to a site. If a group is added, it returns all of the owners of the group.">
      <JsonFileName>/Workflows/SharePointGetSiteCollectionAdministrators-5E5BF7F1-758D-EE11-8178-000D3A324717.json</JsonFileName>
      <Type>1</Type>
      <Subprocess>0</Subprocess>
      <Category>5</Category>
      <Mode>0</Mode>
      <Scope>4</Scope>
      <OnDemand>0</OnDemand>
      <TriggerOnCreate>0</TriggerOnCreate>
      <TriggerOnDelete>0</TriggerOnDelete>
      <AsyncAutodelete>0</AsyncAutodelete>
      <SyncWorkflowLogOnFailure>0</SyncWorkflowLogOnFailure>
      <StateCode>1</StateCode>
      <StatusCode>2</StatusCode>
      <RunAs>1</RunAs>
      <IsTransacted>1</IsTransacted>
      <IntroducedVersion>1.0.0.0</IntroducedVersion>
      <IsCustomizable>1</IsCustomizable>
      <IsCustomProcessingStepAllowedForOtherPublishers>1</IsCustomProcessingStepAllowedForOtherPublishers>
      <PrimaryEntity>none</PrimaryEntity>
      <LocalizedNames>
        <LocalizedName languagecode="1033" description="SharePoint | Get Site Collection Administrators" />
      </LocalizedNames>
      <Descriptions>
        <Description languagecode="1033" description="Returns an array of site collection administrators added to a site. If a group is added, it returns all of the owners of the group." />
      </Descriptions>
    </Workflow>
    <Workflow WorkflowId="{420f855a-2099-ee11-be37-6045bdee6b29}" Name="SharePoint | Apply PnP Site Template" Description="Place a message in an Azure Storage Queue to apply a PnP Provisioning Template located in the library designated by the PnP Template Library environment variable to the site specified. A separate Azure function that monitors the queue must exist to invoke applying the template.">
      <JsonFileName>/Workflows/SharePointApplyPnPSiteTemplate-420F855A-2099-EE11-BE37-6045BDEE6B29.json</JsonFileName>
      <Type>1</Type>
      <Subprocess>0</Subprocess>
      <Category>5</Category>
      <Mode>0</Mode>
      <Scope>4</Scope>
      <OnDemand>0</OnDemand>
      <TriggerOnCreate>0</TriggerOnCreate>
      <TriggerOnDelete>0</TriggerOnDelete>
      <AsyncAutodelete>0</AsyncAutodelete>
      <SyncWorkflowLogOnFailure>0</SyncWorkflowLogOnFailure>
      <StateCode>1</StateCode>
      <StatusCode>2</StatusCode>
      <RunAs>1</RunAs>
      <IsTransacted>1</IsTransacted>
      <IntroducedVersion>1.0.0.1</IntroducedVersion>
      <IsCustomizable>1</IsCustomizable>
      <BusinessProcessType>0</BusinessProcessType>
      <IsCustomProcessingStepAllowedForOtherPublishers>1</IsCustomProcessingStepAllowedForOtherPublishers>
      <PrimaryEntity>none</PrimaryEntity>
      <LocalizedNames>
        <LocalizedName languagecode="1033" description="SharePoint | Apply PnP Site Template" />
      </LocalizedNames>
      <Descriptions>
        <Description languagecode="1033" description="Place a message in an Azure Storage Queue to apply a PnP Provisioning Template located in the library designated by the PnP Template Library environment variable to the site specified. A separate Azure function that monitors the queue must exist to invoke applying the template." />
      </Descriptions>
    </Workflow>
    <Workflow WorkflowId="{ed02715f-5b9b-ee11-be37-6045bdee6b29}" Name="SharePoint | Create List Column Index" Description="Create a column index for a list.">
      <JsonFileName>/Workflows/SharePointCreateListColumnIndex-ED02715F-5B9B-EE11-BE37-6045BDEE6B29.json</JsonFileName>
      <Type>1</Type>
      <Subprocess>0</Subprocess>
      <Category>5</Category>
      <Mode>0</Mode>
      <Scope>4</Scope>
      <OnDemand>0</OnDemand>
      <TriggerOnCreate>0</TriggerOnCreate>
      <TriggerOnDelete>0</TriggerOnDelete>
      <AsyncAutodelete>0</AsyncAutodelete>
      <SyncWorkflowLogOnFailure>0</SyncWorkflowLogOnFailure>
      <StateCode>1</StateCode>
      <StatusCode>2</StatusCode>
      <RunAs>1</RunAs>
      <IsTransacted>1</IsTransacted>
      <IntroducedVersion>1.0.0.1</IntroducedVersion>
      <IsCustomizable>1</IsCustomizable>
      <BusinessProcessType>0</BusinessProcessType>
      <IsCustomProcessingStepAllowedForOtherPublishers>1</IsCustomProcessingStepAllowedForOtherPublishers>
      <PrimaryEntity>none</PrimaryEntity>
      <LocalizedNames>
        <LocalizedName languagecode="1033" description="SharePoint | Create List Column Index" />
      </LocalizedNames>
      <Descriptions>
        <Description languagecode="1033" description="Create a column index for a list." />
      </Descriptions>
    </Workflow>
    <Workflow WorkflowId="{8733c6df-5b9b-ee11-be37-6045bdee6b29}" Name="SharePoint | Set Site Sensitivity Label" Description="Set a Purview sensitivity label to the site or the group associated with the site.">
      <JsonFileName>/Workflows/SharePointSetSiteSensitivityLabel-8733C6DF-5B9B-EE11-BE37-6045BDEE6B29.json</JsonFileName>
      <Type>1</Type>
      <Subprocess>0</Subprocess>
      <Category>5</Category>
      <Mode>0</Mode>
      <Scope>4</Scope>
      <OnDemand>0</OnDemand>
      <TriggerOnCreate>0</TriggerOnCreate>
      <TriggerOnDelete>0</TriggerOnDelete>
      <AsyncAutodelete>0</AsyncAutodelete>
      <SyncWorkflowLogOnFailure>0</SyncWorkflowLogOnFailure>
      <StateCode>1</StateCode>
      <StatusCode>2</StatusCode>
      <RunAs>1</RunAs>
      <IsTransacted>1</IsTransacted>
      <IntroducedVersion>1.0.0.1</IntroducedVersion>
      <IsCustomizable>1</IsCustomizable>
      <BusinessProcessType>0</BusinessProcessType>
      <IsCustomProcessingStepAllowedForOtherPublishers>1</IsCustomProcessingStepAllowedForOtherPublishers>
      <PrimaryEntity>none</PrimaryEntity>
      <LocalizedNames>
        <LocalizedName languagecode="1033" description="SharePoint | Set Site Sensitivity Label" />
      </LocalizedNames>
      <Descriptions>
        <Description languagecode="1033" description="Set a Purview sensitivity label to the site or the group associated with the site." />
      </Descriptions>
    </Workflow>
    <Workflow WorkflowId="{eaecb187-5d9b-ee11-be37-6045bdee6b29}" Name="SharePoint | Add Service Account Administrator" Description="Adds the service account specified by the SharePoint Service Account Email environment variable as a site collection administrator to the specified site.">
      <JsonFileName>/Workflows/SharePointAddServiceAccountAdministrator-EAECB187-5D9B-EE11-BE37-6045BDEE6B29.json</JsonFileName>
      <Type>1</Type>
      <Subprocess>0</Subprocess>
      <Category>5</Category>
      <Mode>0</Mode>
      <Scope>4</Scope>
      <OnDemand>0</OnDemand>
      <TriggerOnCreate>0</TriggerOnCreate>
      <TriggerOnDelete>0</TriggerOnDelete>
      <AsyncAutodelete>0</AsyncAutodelete>
      <SyncWorkflowLogOnFailure>0</SyncWorkflowLogOnFailure>
      <StateCode>1</StateCode>
      <StatusCode>2</StatusCode>
      <RunAs>1</RunAs>
      <IsTransacted>1</IsTransacted>
      <IntroducedVersion>1.0.0.1</IntroducedVersion>
      <IsCustomizable>1</IsCustomizable>
      <BusinessProcessType>0</BusinessProcessType>
      <IsCustomProcessingStepAllowedForOtherPublishers>1</IsCustomProcessingStepAllowedForOtherPublishers>
      <PrimaryEntity>none</PrimaryEntity>
      <LocalizedNames>
        <LocalizedName languagecode="1033" description="SharePoint | Add Service Account Administrator" />
      </LocalizedNames>
      <Descriptions>
        <Description languagecode="1033" description="Adds the service account specified by the SharePoint Service Account Email environment variable as a site collection administrator to the specified site." />
      </Descriptions>
    </Workflow>
    <Workflow WorkflowId="{ec615810-629b-ee11-be37-6045bdee6b29}" Name="SharePoint | Remove Service Account Administrator" Description="Removes the service account specified by the SharePoint Service Account Email environment variable as a site collection administrator from the specified site.">
      <JsonFileName>/Workflows/SharePointRemoveServiceAccountAdministrator-EC615810-629B-EE11-BE37-6045BDEE6B29.json</JsonFileName>
      <Type>1</Type>
      <Subprocess>0</Subprocess>
      <Category>5</Category>
      <Mode>0</Mode>
      <Scope>4</Scope>
      <OnDemand>0</OnDemand>
      <TriggerOnCreate>0</TriggerOnCreate>
      <TriggerOnDelete>0</TriggerOnDelete>
      <AsyncAutodelete>0</AsyncAutodelete>
      <SyncWorkflowLogOnFailure>0</SyncWorkflowLogOnFailure>
      <StateCode>1</StateCode>
      <StatusCode>2</StatusCode>
      <RunAs>1</RunAs>
      <IsTransacted>1</IsTransacted>
      <IntroducedVersion>1.0.0.1</IntroducedVersion>
      <IsCustomizable>1</IsCustomizable>
      <BusinessProcessType>0</BusinessProcessType>
      <IsCustomProcessingStepAllowedForOtherPublishers>1</IsCustomProcessingStepAllowedForOtherPublishers>
      <PrimaryEntity>none</PrimaryEntity>
      <LocalizedNames>
        <LocalizedName languagecode="1033" description="SharePoint | Remove Service Account Administrator" />
      </LocalizedNames>
      <Descriptions>
        <Description languagecode="1033" description="Removes the service account specified by the SharePoint Service Account Email environment variable as a site collection administrator from the specified site." />
      </Descriptions>
    </Workflow>
    <Workflow WorkflowId="{42dce5a4-41a0-ee11-be37-6045bdee6b29}" Name="SharePoint | Wait Until Site Created" Description="Checks the provisioning status of a site.&#xA;0 - Not Found. The site doesn't exist.&#xA;1 - Provisioning. The site is currently being provisioned.&#xA;2 - Ready. The site has been created.&#xA;3 - Error. An error occurred while provisioning the site.&#xA;4 - Site with requested URL already exist.">
      <JsonFileName>/Workflows/SharePointWaitUntilSiteCreated-42DCE5A4-41A0-EE11-BE37-6045BDEE6B29.json</JsonFileName>
      <Type>1</Type>
      <Subprocess>0</Subprocess>
      <Category>5</Category>
      <Mode>0</Mode>
      <Scope>4</Scope>
      <OnDemand>0</OnDemand>
      <TriggerOnCreate>0</TriggerOnCreate>
      <TriggerOnDelete>0</TriggerOnDelete>
      <AsyncAutodelete>0</AsyncAutodelete>
      <SyncWorkflowLogOnFailure>0</SyncWorkflowLogOnFailure>
      <StateCode>1</StateCode>
      <StatusCode>2</StatusCode>
      <RunAs>1</RunAs>
      <IsTransacted>1</IsTransacted>
      <IntroducedVersion>1.0.0.1</IntroducedVersion>
      <IsCustomizable>1</IsCustomizable>
      <BusinessProcessType>0</BusinessProcessType>
      <IsCustomProcessingStepAllowedForOtherPublishers>1</IsCustomProcessingStepAllowedForOtherPublishers>
      <PrimaryEntity>none</PrimaryEntity>
      <LocalizedNames>
        <LocalizedName languagecode="1033" description="SharePoint | Wait Until Site Created" />
      </LocalizedNames>
      <Descriptions>
        <Description languagecode="1033" description="Checks the provisioning status of a site.&#xA;0 - Not Found. The site doesn't exist.&#xA;1 - Provisioning. The site is currently being provisioned.&#xA;2 - Ready. The site has been created.&#xA;3 - Error. An error occurred while provisioning the site.&#xA;4 - Site with requested URL already exist." />
      </Descriptions>
    </Workflow>
  </Workflows>
  <FieldSecurityProfiles></FieldSecurityProfiles>
  <Templates />
  <EntityMaps />
  <EntityRelationships />
  <OrganizationSettings />
  <optionsets />
  <CustomControls />
  <EntityDataProviders />
  <connectionreferences>
    <connectionreference connectionreferencelogicalname="new_sharedazurequeues_0372c">
      <connectionreferencedisplayname>Azure Queues SharePointSiteTools-0372c</connectionreferencedisplayname>
      <connectorid>/providers/Microsoft.PowerApps/apis/shared_azurequeues</connectorid>
      <iscustomizable>1</iscustomizable>
      <statecode>0</statecode>
      <statuscode>1</statuscode>
    </connectionreference>
    <connectionreference connectionreferencelogicalname="new_sharedoffice365groups_d2795">
      <connectionreferencedisplayname>SharePointSiteTools - o365_groups</connectionreferencedisplayname>
      <connectorid>/providers/Microsoft.PowerApps/apis/shared_office365groups</connectorid>
      <iscustomizable>1</iscustomizable>
      <statecode>0</statecode>
      <statuscode>1</statuscode>
    </connectionreference>
    <connectionreference connectionreferencelogicalname="new_SharePointSecretsKeyvault">
      <connectionreferencedisplayname>SharePoint Secrets Keyvault</connectionreferencedisplayname>
      <connectorid>/providers/Microsoft.PowerApps/apis/shared_keyvault</connectorid>
      <iscustomizable>1</iscustomizable>
      <statecode>0</statecode>
      <statuscode>1</statuscode>
    </connectionreference>
    <connectionreference connectionreferencelogicalname="new_SharePointSiteToolssp_site_admin">
      <connectionreferencedisplayname>SharePointSiteTools - sp_site_admin</connectionreferencedisplayname>
      <connectorid>/providers/Microsoft.PowerApps/apis/shared_sharepointonline</connectorid>
      <iscustomizable>1</iscustomizable>
      <statecode>0</statecode>
      <statuscode>1</statuscode>
    </connectionreference>
  </connectionreferences>
  <Languages>
    <Language>1033</Language>
  </Languages>
</ImportExportXml>