{"name":"9a41ea03-4348-4125-9b06-b764598c3928","id":"/providers/Microsoft.Flow/flows/9a41ea03-4348-4125-9b06-b764598c3928","type":"Microsoft.Flow/flows","properties":{"apiId":"/providers/Microsoft.PowerApps/apis/shared_logicflows","displayName":"WF Demo - Add User To Group","definition":{"metadata":{"workflowEntityId":null,"processAdvisorMetadata":null,"flowclientsuspensionreason":"None","flowclientsuspensiontime":null,"flowclientsuspensionreasondetails":null,"creator":{"id":"5c393d8c-0640-4485-9be1-9092ae29caa3","type":"User","tenantId":"5b52477b-6502-4b3c-8c70-3e3ff25efc07"},"provisioningMethod":"FromDefinition","failureAlertSubscription":true,"clientLastModifiedTime":"2022-12-14T20:34:51.9200434Z"},"$schema":"https://schema.management.azure.com/providers/Microsoft.Logic/schemas/2016-06-01/workflowdefinition.json#","contentVersion":"1.0.0.0","parameters":{"$connections":{"defaultValue":{},"type":"Object"},"$authentication":{"defaultValue":{},"type":"SecureObject"}},"triggers":{"manual":{"metadata":{"operationMetadataId":"975a474a-5164-4b2b-b2a1-10dee5b5c65a"},"type":"Request","kind":"Button","inputs":{"schema":{"type":"object","properties":{"text":{"title":"Group Name","type":"string","x-ms-dynamically-added":true,"description":"Please enter your input","x-ms-content-hint":"TEXT"},"text_1":{"title":"User Id","type":"string","x-ms-dynamically-added":true,"description":"Please enter your input","x-ms-content-hint":"TEXT"}},"required":["text","text_1"]}}}},"actions":{"Get_Group_Id":{"runAfter":{"Initialize_variable":["Succeeded"]},"metadata":{"operationMetadataId":"dff2eab0-37cc-438d-bf04-a5116e265006"},"type":"OpenApiConnection","inputs":{"host":{"apiId":"/providers/Microsoft.PowerApps/apis/shared_sharepointonline","connectionName":"shared_sharepointonline","operationId":"HttpRequest"},"parameters":{"dataset":"@variables('SiteUrl')","parameters/method":"GET","parameters/uri":"_api/web/sitegroups/getbyname('@{triggerBody()['text']}')/Id","parameters/headers":{"Accept":"application/json;odata=verbose"}},"authentication":{"value":"@json(decodeBase64(triggerOutputs().headers['X-MS-APIM-Tokens']))['$ConnectionKey']","type":"Raw"}}},"Parse_Group_Id":{"runAfter":{"Get_Group_Id":["Succeeded"]},"metadata":{"operationMetadataId":"c0429a4a-cf20-42f3-8c6b-0ca669ffc720"},"type":"ParseJson","inputs":{"content":"@outputs('Get_Group_Id')?['body']","schema":{"type":"object","properties":{"d":{"type":"object","properties":{"Id":{"type":"integer"}}}}}}},"Get_Form_Digest":{"runAfter":{"Parse_Group_Id":["Succeeded"]},"metadata":{"operationMetadataId":"50633029-e0f6-4ddd-b3b4-a7d61255cb4f"},"type":"OpenApiConnection","inputs":{"host":{"apiId":"/providers/Microsoft.PowerApps/apis/shared_sharepointonline","connectionName":"shared_sharepointonline","operationId":"HttpRequest"},"parameters":{"dataset":"@variables('SiteUrl')","parameters/method":"POST","parameters/uri":"_api/contextinfo","parameters/headers":{"Accept":"application/json;odata=verbose","Content-Type":"application/json;odata=verbose"}},"authentication":{"value":"@json(decodeBase64(triggerOutputs().headers['X-MS-APIM-Tokens']))['$ConnectionKey']","type":"Raw"}}},"Parse_Form_Digest":{"runAfter":{"Get_Form_Digest":["Succeeded"]},"metadata":{"operationMetadataId":"3d25ebee-7cb3-475f-9408-7dbc53a607df"},"type":"ParseJson","inputs":{"content":"@outputs('Get_Form_Digest')?['body']","schema":{"type":"object","properties":{"d":{"type":"object","properties":{"GetContextWebInformation":{"type":"object","properties":{"__metadata":{"type":"object","properties":{"type":{"type":"string"}}},"FormDigestTimeoutSeconds":{"type":"integer"},"FormDigestValue":{"type":"string"},"LibraryVersion":{"type":"string"},"SiteFullUrl":{"type":"string"},"SupportedSchemaVersions":{"type":"object","properties":{"__metadata":{"type":"object","properties":{"type":{"type":"string"}}},"results":{"type":"array","items":{"type":"string"}}}},"WebFullUrl":{"type":"string"}}}}}}}}},"Ensure_user_is_added_to_site_and_content_database":{"runAfter":{"Parse_Form_Digest":["Succeeded"]},"metadata":{"operationMetadataId":"391a4611-2aa8-4776-b31f-c6fb2a5d5f96"},"type":"OpenApiConnection","inputs":{"host":{"apiId":"/providers/Microsoft.PowerApps/apis/shared_sharepointonline","connectionName":"shared_sharepointonline","operationId":"HttpRequest"},"parameters":{"dataset":"@variables('SiteUrl')","parameters/method":"POST","parameters/uri":"_api/web/ensureuser","parameters/headers":{"X-RequestDigest":"@body('Parse_Form_Digest')?['d']?['GetContextWebInformation']?['FormDigestValue']","Accept":"application/json;odata=verbose"},"parameters/body":"{\n\"logonName\": \"i:0#.f|membership|@{triggerBody()['text_1']}\"\n}"},"authentication":{"value":"@json(decodeBase64(triggerOutputs().headers['X-MS-APIM-Tokens']))['$ConnectionKey']","type":"Raw"}}},"Parse_user_info":{"runAfter":{"Ensure_user_is_added_to_site_and_content_database":["Succeeded"]},"metadata":{"operationMetadataId":"0e601604-7cd7-40dd-a3fa-2812b5110ff0"},"type":"ParseJson","inputs":{"content":"@outputs('Ensure_user_is_added_to_site_and_content_database')?['body']","schema":{"type":"object","properties":{"d":{"type":"object","properties":{"__metadata":{"type":"object","properties":{"id":{"type":"string"},"uri":{"type":"string"},"type":{"type":"string"}}},"Alerts":{"type":"object","properties":{"__deferred":{"type":"object","properties":{"uri":{"type":"string"}}}}},"Groups":{"type":"object","properties":{"__deferred":{"type":"object","properties":{"uri":{"type":"string"}}}}},"Id":{"type":"integer"},"IsHiddenInUI":{"type":"boolean"},"LoginName":{"type":"string"},"Title":{"type":"string"},"PrincipalType":{"type":"integer"},"Email":{"type":"string"},"Expiration":{"type":"string"},"IsEmailAuthenticationGuestUser":{"type":"boolean"},"IsShareByEmailGuestUser":{"type":"boolean"},"IsSiteAdmin":{"type":"boolean"},"UserId":{"type":"object","properties":{"__metadata":{"type":"object","properties":{"type":{"type":"string"}}},"NameId":{"type":"string"},"NameIdIssuer":{"type":"string"}}},"UserPrincipalName":{"type":"string"}}}}}}},"Add_User_To_Group":{"runAfter":{"Parse_user_info":["Succeeded"]},"metadata":{"operationMetadataId":"ae94c50e-2c24-4b19-aebb-37174b791331"},"type":"OpenApiConnection","inputs":{"host":{"apiId":"/providers/Microsoft.PowerApps/apis/shared_sharepointonline","connectionName":"shared_sharepointonline","operationId":"HttpRequest"},"parameters":{"dataset":"@variables('SiteUrl')","parameters/method":"POST","parameters/uri":"_api/web/sitegroups/getbyname('@{triggerBody()['text']}')/users","parameters/headers":{"X-RequestDigest":"@body('Parse_Form_Digest')?['d']?['GetContextWebInformation']?['FormDigestValue']","Accept":"application/json;odata=verbose","Content-Type":"application/json;odata=verbose"},"parameters/body":"{\n  \"__metadata\": {\"type\":\"SP.User\"},\n  \"LoginName\": \"@{body('Parse_user_info')?['d']?['LoginName']}\"\n}"},"authentication":{"value":"@json(decodeBase64(triggerOutputs().headers['X-MS-APIM-Tokens']))['$ConnectionKey']","type":"Raw"}}},"Initialize_variable":{"runAfter":{},"metadata":{"operationMetadataId":"2727a1d8-5af6-4747-a781-bab535c5cdf6"},"type":"InitializeVariable","inputs":{"variables":[{"name":"SiteUrl","type":"string"}]}}},"outputs":{},"description":"Add a user to a SharePoint group"},"connectionReferences":{"shared_sharepointonline":{"connectionName":"shared-sharepointonl-ad68c318-370a-4f41-94d3-89b3-9047903a","source":"Invoker","id":"/providers/Microsoft.PowerApps/apis/shared_sharepointonline","tier":"NotSpecified"}},"flowFailureAlertSubscribed":false,"isManaged":false}}