{
  "properties": {
    "connectionReferences": {
      "shared_webcontents": {
        "runtimeSource": "embedded",
        "connection": {
          "connectionReferenceLogicalName": "mgwebhk_sharedwebcontents_1d2b4"
        },
        "api": {
          "name": "shared_webcontents"
        }
      }
    },
    "definition": {
      "$schema": "https://schema.management.azure.com/providers/Microsoft.Logic/schemas/2016-06-01/workflowdefinition.json#",
      "contentVersion": "1.0.0.0",
      "parameters": {
        "$authentication": {
          "defaultValue": {},
          "type": "SecureObject"
        },
        "$connections": {
          "defaultValue": {},
          "type": "Object"
        },
        "Subscription clientState (mgwebhk_clientSecret)": {
          "defaultValue": "pass123456",
          "type": "String",
          "metadata": {
            "schemaName": "mgwebhk_clientSecret"
          }
        }
      },
      "triggers": {
        "manual": {
          "metadata": {
            "operationMetadataId": "3d84a34a-94d6-4654-bfa3-6632a4fd6ca8"
          },
          "type": "Request",
          "kind": "Http",
          "inputs": {
            "triggerAuthenticationType": "All",
            "schema": {
              "type": "object",
              "properties": {
                "value": {
                  "type": "array",
                  "items": {
                    "type": "object",
                    "properties": {
                      "changeType": {
                        "type": "string"
                      },
                      "clientState": {
                        "type": "string"
                      },
                      "resource": {
                        "type": "string"
                      },
                      "resourceData": {
                        "type": "object",
                        "properties": {
                          "@@odata.type": {
                            "type": "string"
                          },
                          "@@odata.id": {
                            "type": "string"
                          },
                          "id": {
                            "type": "string"
                          },
                          "organizationId": {
                            "type": "string"
                          }
                        }
                      },
                      "subscriptionExpirationDateTime": {
                        "type": "string"
                      },
                      "subscriptionId": {
                        "type": "string"
                      },
                      "tenantId": {
                        "type": "string"
                      }
                    }
                  }
                }
              }
            }
          }
        }
      },
      "actions": {
        "Check_validationToken_for_action": {
          "actions": {
            "Validate_clientState": {
              "actions": {
                "Switch": {
                  "runAfter": {
                    "Response": [
                      "Succeeded",
                      "Skipped"
                    ]
                  },
                  "cases": {
                    "Case_created": {
                      "case": "created",
                      "actions": {
                        "Get_created_resource": {
                          "type": "OpenApiConnection",
                          "inputs": {
                            "parameters": {
                              "request/method": "GET",
                              "request/url": "v1.0/@{outputs('Notification_Data')?['resource']}"
                            },
                            "host": {
                              "apiId": "/providers/Microsoft.PowerApps/apis/shared_webcontentsv2",
                              "operationId": "InvokeHttp",
                              "connectionName": "shared_webcontents"
                            }
                          }
                        }
                      }
                    },
                    "Case_updated": {
                      "case": "updated",
                      "actions": {
                        "Get_updated_resource": {
                          "type": "OpenApiConnection",
                          "inputs": {
                            "parameters": {
                              "request/method": "GET",
                              "request/url": "v1.0/@{outputs('Notification_Data')?['resource']}"
                            },
                            "host": {
                              "apiId": "/providers/Microsoft.PowerApps/apis/shared_webcontentsv2",
                              "operationId": "InvokeHttp",
                              "connectionName": "shared_webcontents"
                            }
                          }
                        }
                      }
                    },
                    "Case_deleted": {
                      "case": "deleted",
                      "actions": {
                        "Get_deleted_resource": {
                          "type": "OpenApiConnection",
                          "inputs": {
                            "parameters": {
                              "request/method": "GET",
                              "request/url": "v1.0/directory/deletedItems/@{outputs('Notification_Data')?['resourceData/id']}"
                            },
                            "host": {
                              "apiId": "/providers/Microsoft.PowerApps/apis/shared_webcontentsv2",
                              "operationId": "InvokeHttp",
                              "connectionName": "shared_webcontents"
                            }
                          }
                        }
                      }
                    }
                  },
                  "default": {
                    "actions": {}
                  },
                  "expression": "@outputs('Notification_Data')?['changeType']",
                  "type": "Switch"
                },
                "Response": {
                  "metadata": {
                    "operationMetadataId": "6d4ad8c9-d6c6-487b-adef-42fa441958e7"
                  },
                  "type": "Response",
                  "kind": "Http",
                  "inputs": {
                    "statusCode": 200
                  },
                  "description": "Respond before doing any processing to adhere to subscription constraints."
                }
              },
              "runAfter": {
                "Notification_Data": [
                  "Succeeded"
                ]
              },
              "else": {
                "actions": {
                  "Response_invalid_client_state": {
                    "type": "Response",
                    "kind": "Http",
                    "inputs": {
                      "statusCode": 401,
                      "body": "Invalid clientState"
                    }
                  }
                }
              },
              "expression": {
                "and": [
                  {
                    "equals": [
                      "@outputs('Notification_Data')?['clientState']",
                      "@parameters('Subscription clientState (mgwebhk_clientSecret)')"
                    ]
                  }
                ]
              },
              "type": "If"
            },
            "Notification_Data": {
              "type": "Compose",
              "inputs": "@first(triggerBody()?['value'])"
            }
          },
          "runAfter": {},
          "else": {
            "actions": {
              "Response_validationToken": {
                "type": "Response",
                "kind": "Http",
                "inputs": {
                  "statusCode": 200,
                  "headers": {
                    "Content-Type": "text/plain"
                  },
                  "body": "@decodeUriComponent(triggerOutputs()?['queries/validationToken'])"
                }
              }
            }
          },
          "expression": {
            "and": [
              {
                "equals": [
                  "@triggerOutputs()?['queries/validationToken']",
                  "@null"
                ]
              }
            ]
          },
          "type": "If"
        }
      }
    },
    "templateName": null
  },
  "schemaVersion": "1.0.0.0"
}