{"name":"636fcffa-9cb7-4c61-863b-b8e14756b9c8","id":"/providers/Microsoft.Flow/flows/636fcffa-9cb7-4c61-863b-b8e14756b9c8","type":"Microsoft.Flow/flows","properties":{"apiId":"/providers/Microsoft.PowerApps/apis/shared_logicflows","displayName":"Get Approval Request for Approval","definition":{"metadata":{"workflowEntityId":null,"processAdvisorMetadata":null,"flowclientsuspensionreason":"None","flowclientsuspensiontime":null,"flowclientsuspensionreasondetails":null,"creator":{"id":"5c393d8c-0640-4485-9be1-9092ae29caa3","type":"User","tenantId":"5b52477b-6502-4b3c-8c70-3e3ff25efc07"},"provisioningMethod":"FromDefinition","failureAlertSubscription":true,"clientLastModifiedTime":"2022-12-14T20:02:37.3232276Z"},"$schema":"https://schema.management.azure.com/providers/Microsoft.Logic/schemas/2016-06-01/workflowdefinition.json#","contentVersion":"1.0.0.0","parameters":{"$connections":{"defaultValue":{},"type":"Object"},"$authentication":{"defaultValue":{},"type":"SecureObject"}},"triggers":{"manual":{"metadata":{"operationMetadataId":"b948271b-b3bc-4714-90c1-0d804c9d896d"},"type":"Request","kind":"PowerAppV2","inputs":{"schema":{"type":"object","properties":{"text":{"title":"Approval Id","type":"string","x-ms-dynamically-added":true,"description":"Please enter your input","x-ms-content-hint":"TEXT"}},"required":["text"]}}}},"actions":{"Get_Approval_Requests":{"runAfter":{},"metadata":{"operationMetadataId":"82c57766-baeb-40da-949b-548e13c4c178"},"type":"OpenApiConnection","inputs":{"host":{"apiId":"/providers/Microsoft.PowerApps/apis/shared_commondataserviceforapps","connectionName":"shared_commondataserviceforapps_1","operationId":"ListRecords"},"parameters":{"entityName":"msdyn_flow_approvalrequests","$filter":"msdyn_flow_approvalrequestidx_approvalid eq '@{triggerBody()['text']}'"},"authentication":"@parameters('$authentication')"}},"Get_Approval_Responses":{"runAfter":{},"metadata":{"operationMetadataId":"07c592c4-0533-416d-bdd4-ff6330129a49"},"type":"OpenApiConnection","inputs":{"host":{"apiId":"/providers/Microsoft.PowerApps/apis/shared_commondataserviceforapps","connectionName":"shared_commondataserviceforapps_1","operationId":"ListRecords"},"parameters":{"entityName":"msdyn_flow_approvalresponses","$filter":"msdyn_flow_approvalresponseidx_approvalid eq '@{triggerBody()['text']}'"},"authentication":"@parameters('$authentication')"}},"Response_2":{"runAfter":{"Get_Approval_Responses":["Succeeded"],"Get_Approval_Requests":["Succeeded"]},"metadata":{"operationMetadataId":"cdd3a110-cba1-4063-bf60-66a98ebeea00"},"type":"Response","kind":"Http","inputs":{"statusCode":200,"body":{"requests":"@outputs('Get_Approval_Requests')?['body/value']","responses":"@outputs('Get_Approval_Responses')?['body/value']"},"schema":{"type":"object","properties":{"requests":{"type":"array","items":{"type":"object","properties":{"@@odata.type":{"type":"string"},"@@odata.id":{"type":"string"},"@@odata.etag":{"type":"string"},"@@odata.editLink":{"type":"string"},"msdyn_flow_approvalrequest_approvalstagekey":{"type":"string"},"statecode@OData.Community.Display.V1.FormattedValue":{"type":"string"},"statecode":{"type":"integer"},"statuscode@OData.Community.Display.V1.FormattedValue":{"type":"string"},"statuscode":{"type":"integer"},"msdyn_flow_approvalrequest_notificationfrequency@OData.Community.Display.V1.FormattedValue":{"type":"string"},"msdyn_flow_approvalrequest_notificationfrequency":{"type":"integer"},"createdon@OData.Community.Display.V1.FormattedValue":{"type":"string"},"createdon@odata.type":{"type":"string"},"createdon":{"type":"string"},"msdyn_flow_approvalrequest_stage@OData.Community.Display.V1.FormattedValue":{"type":"string"},"msdyn_flow_approvalrequest_stage":{"type":"integer"},"msdyn_flow_approvalrequest_lastnotifiedon@OData.Community.Display.V1.FormattedValue":{"type":"string"},"msdyn_flow_approvalrequest_lastnotifiedon@odata.type":{"type":"string"},"msdyn_flow_approvalrequest_lastnotifiedon":{"type":"string"},"_ownerid_value@OData.Community.Display.V1.FormattedValue":{"type":"string"},"_ownerid_value@Microsoft.Dynamics.CRM.associatednavigationproperty":{"type":"string"},"_ownerid_value@Microsoft.Dynamics.CRM.lookuplogicalname":{"type":"string"},"_ownerid_value@odata.type":{"type":"string"},"_ownerid_value":{"type":"string"},"msdyn_flow_approvalrequest_expireson@OData.Community.Display.V1.FormattedValue":{"type":"string"},"msdyn_flow_approvalrequest_expireson@odata.type":{"type":"string"},"msdyn_flow_approvalrequest_expireson":{"type":"string"},"modifiedon@OData.Community.Display.V1.FormattedValue":{"type":"string"},"modifiedon@odata.type":{"type":"string"},"modifiedon":{"type":"string"},"msdyn_flow_approvalrequest_allowreassignment@OData.Community.Display.V1.FormattedValue":{"type":"string"},"msdyn_flow_approvalrequest_allowreassignment":{"type":"boolean"},"versionnumber@OData.Community.Display.V1.FormattedValue":{"type":"string"},"versionnumber@odata.type":{"type":"string"},"versionnumber":{"type":"integer"},"msdyn_flow_approvalrequestidx_owninguserid":{"type":"string"},"msdyn_flow_approvalrequestidx_stage":{"type":"string"},"timezoneruleversionnumber@OData.Community.Display.V1.FormattedValue":{"type":"string"},"timezoneruleversionnumber":{"type":"integer"},"_modifiedby_value@OData.Community.Display.V1.FormattedValue":{"type":"string"},"_modifiedby_value@Microsoft.Dynamics.CRM.lookuplogicalname":{"type":"string"},"_modifiedby_value@odata.type":{"type":"string"},"_modifiedby_value":{"type":"string"},"_msdyn_flow_approvalrequest_approval_value@Microsoft.Dynamics.CRM.associatednavigationproperty":{"type":"string"},"_msdyn_flow_approvalrequest_approval_value@Microsoft.Dynamics.CRM.lookuplogicalname":{"type":"string"},"_msdyn_flow_approvalrequest_approval_value@odata.type":{"type":"string"},"_msdyn_flow_approvalrequest_approval_value":{"type":"string"},"msdyn_flow_approvalrequest_options":{"type":"string"},"msdyn_flow_approvalrequestidx_reassignedfromid":{"type":"string"},"msdyn_flow_approvalrequestid@odata.type":{"type":"string"},"msdyn_flow_approvalrequestid":{"type":"string"},"msdyn_flow_approvalrequest_dueon@OData.Community.Display.V1.FormattedValue":{"type":"string"},"msdyn_flow_approvalrequest_dueon@odata.type":{"type":"string"},"msdyn_flow_approvalrequest_dueon":{"type":"string"},"_createdby_value@OData.Community.Display.V1.FormattedValue":{"type":"string"},"_createdby_value@Microsoft.Dynamics.CRM.lookuplogicalname":{"type":"string"},"_createdby_value@odata.type":{"type":"string"},"_createdby_value":{"type":"string"},"_owningbusinessunit_value@OData.Community.Display.V1.FormattedValue":{"type":"string"},"_owningbusinessunit_value@Microsoft.Dynamics.CRM.associatednavigationproperty":{"type":"string"},"_owningbusinessunit_value@Microsoft.Dynamics.CRM.lookuplogicalname":{"type":"string"},"_owningbusinessunit_value@odata.type":{"type":"string"},"_owningbusinessunit_value":{"type":"string"},"_owninguser_value@Microsoft.Dynamics.CRM.lookuplogicalname":{"type":"string"},"_owninguser_value@odata.type":{"type":"string"},"_owninguser_value":{"type":"string"},"msdyn_flow_approvalrequestidx_approvalid":{"type":"string"},"ownerid@odata.associationLink":{"type":"string"},"ownerid@odata.navigationLink":{"type":"string"},"msdyn_flow_approvalrequest_approval@odata.associationLink":{"type":"string"},"msdyn_flow_approvalrequest_approval@odata.navigationLink":{"type":"string"},"owningbusinessunit@odata.associationLink":{"type":"string"},"owningbusinessunit@odata.navigationLink":{"type":"string"},"createdby@odata.associationLink":{"type":"string"},"createdby@odata.navigationLink":{"type":"string"},"createdonbehalfby@odata.associationLink":{"type":"string"},"createdonbehalfby@odata.navigationLink":{"type":"string"},"modifiedby@odata.associationLink":{"type":"string"},"modifiedby@odata.navigationLink":{"type":"string"},"modifiedonbehalfby@odata.associationLink":{"type":"string"},"modifiedonbehalfby@odata.navigationLink":{"type":"string"},"owninguser@odata.associationLink":{"type":"string"},"owninguser@odata.navigationLink":{"type":"string"},"owningteam@odata.associationLink":{"type":"string"},"owningteam@odata.navigationLink":{"type":"string"},"msdyn_flow_approvalrequest_SyncErrors@odata.associationLink":{"type":"string"},"msdyn_flow_approvalrequest_SyncErrors@odata.navigationLink":{"type":"string"},"msdyn_flow_approvalrequest_DuplicateMatchingRecord@odata.associationLink":{"type":"string"},"msdyn_flow_approvalrequest_DuplicateMatchingRecord@odata.navigationLink":{"type":"string"},"msdyn_flow_approvalrequest_DuplicateBaseRecord@odata.associationLink":{"type":"string"},"msdyn_flow_approvalrequest_DuplicateBaseRecord@odata.navigationLink":{"type":"string"},"msdyn_flow_approvalrequest_AsyncOperations@odata.associationLink":{"type":"string"},"msdyn_flow_approvalrequest_AsyncOperations@odata.navigationLink":{"type":"string"},"msdyn_flow_approvalrequest_MailboxTrackingFolders@odata.associationLink":{"type":"string"},"msdyn_flow_approvalrequest_MailboxTrackingFolders@odata.navigationLink":{"type":"string"},"msdyn_flow_approvalrequest_UserEntityInstanceDatas@odata.associationLink":{"type":"string"},"msdyn_flow_approvalrequest_UserEntityInstanceDatas@odata.navigationLink":{"type":"string"},"msdyn_flow_approvalrequest_ProcessSession@odata.associationLink":{"type":"string"},"msdyn_flow_approvalrequest_ProcessSession@odata.navigationLink":{"type":"string"},"msdyn_flow_approvalrequest_BulkDeleteFailures@odata.associationLink":{"type":"string"},"msdyn_flow_approvalrequest_BulkDeleteFailures@odata.navigationLink":{"type":"string"},"msdyn_flow_approvalrequest_PrincipalObjectAttributeAccesses@odata.associationLink":{"type":"string"},"msdyn_flow_approvalrequest_PrincipalObjectAttributeAccesses@odata.navigationLink":{"type":"string"},"msdyn_flow_approvalrequest_reassignedfrom@odata.associationLink":{"type":"string"},"msdyn_flow_approvalrequest_reassignedfrom@odata.navigationLink":{"type":"string"},"msdyn_flow_approvalrequestrelationship_reassignment@odata.associationLink":{"type":"string"},"msdyn_flow_approvalrequestrelationship_reassignment@odata.navigationLink":{"type":"string"}},"required":["@@odata.type","@@odata.id","@@odata.etag","@@odata.editLink","msdyn_flow_approvalrequest_approvalstagekey","statecode@OData.Community.Display.V1.FormattedValue","statecode","statuscode@OData.Community.Display.V1.FormattedValue","statuscode","msdyn_flow_approvalrequest_notificationfrequency@OData.Community.Display.V1.FormattedValue","msdyn_flow_approvalrequest_notificationfrequency","createdon@OData.Community.Display.V1.FormattedValue","createdon@odata.type","createdon","msdyn_flow_approvalrequest_stage@OData.Community.Display.V1.FormattedValue","msdyn_flow_approvalrequest_stage","msdyn_flow_approvalrequest_lastnotifiedon@OData.Community.Display.V1.FormattedValue","msdyn_flow_approvalrequest_lastnotifiedon@odata.type","msdyn_flow_approvalrequest_lastnotifiedon","_ownerid_value@OData.Community.Display.V1.FormattedValue","_ownerid_value@Microsoft.Dynamics.CRM.associatednavigationproperty","_ownerid_value@Microsoft.Dynamics.CRM.lookuplogicalname","_ownerid_value@odata.type","_ownerid_value","msdyn_flow_approvalrequest_expireson@OData.Community.Display.V1.FormattedValue","msdyn_flow_approvalrequest_expireson@odata.type","msdyn_flow_approvalrequest_expireson","modifiedon@OData.Community.Display.V1.FormattedValue","modifiedon@odata.type","modifiedon","msdyn_flow_approvalrequest_allowreassignment@OData.Community.Display.V1.FormattedValue","msdyn_flow_approvalrequest_allowreassignment","versionnumber@OData.Community.Display.V1.FormattedValue","versionnumber@odata.type","versionnumber","msdyn_flow_approvalrequestidx_owninguserid","msdyn_flow_approvalrequestidx_stage","timezoneruleversionnumber@OData.Community.Display.V1.FormattedValue","timezoneruleversionnumber","_modifiedby_value@OData.Community.Display.V1.FormattedValue","_modifiedby_value@Microsoft.Dynamics.CRM.lookuplogicalname","_modifiedby_value@odata.type","_modifiedby_value","_msdyn_flow_approvalrequest_approval_value@Microsoft.Dynamics.CRM.associatednavigationproperty","_msdyn_flow_approvalrequest_approval_value@Microsoft.Dynamics.CRM.lookuplogicalname","_msdyn_flow_approvalrequest_approval_value@odata.type","_msdyn_flow_approvalrequest_approval_value","msdyn_flow_approvalrequest_options","msdyn_flow_approvalrequestidx_reassignedfromid","msdyn_flow_approvalrequestid@odata.type","msdyn_flow_approvalrequestid","msdyn_flow_approvalrequest_dueon@OData.Community.Display.V1.FormattedValue","msdyn_flow_approvalrequest_dueon@odata.type","msdyn_flow_approvalrequest_dueon","_createdby_value@OData.Community.Display.V1.FormattedValue","_createdby_value@Microsoft.Dynamics.CRM.lookuplogicalname","_createdby_value@odata.type","_createdby_value","_owningbusinessunit_value@OData.Community.Display.V1.FormattedValue","_owningbusinessunit_value@Microsoft.Dynamics.CRM.associatednavigationproperty","_owningbusinessunit_value@Microsoft.Dynamics.CRM.lookuplogicalname","_owningbusinessunit_value@odata.type","_owningbusinessunit_value","_owninguser_value@Microsoft.Dynamics.CRM.lookuplogicalname","_owninguser_value@odata.type","_owninguser_value","msdyn_flow_approvalrequestidx_approvalid","ownerid@odata.associationLink","ownerid@odata.navigationLink","msdyn_flow_approvalrequest_approval@odata.associationLink","msdyn_flow_approvalrequest_approval@odata.navigationLink","owningbusinessunit@odata.associationLink","owningbusinessunit@odata.navigationLink","createdby@odata.associationLink","createdby@odata.navigationLink","createdonbehalfby@odata.associationLink","createdonbehalfby@odata.navigationLink","modifiedby@odata.associationLink","modifiedby@odata.navigationLink","modifiedonbehalfby@odata.associationLink","modifiedonbehalfby@odata.navigationLink","owninguser@odata.associationLink","owninguser@odata.navigationLink","owningteam@odata.associationLink","owningteam@odata.navigationLink","msdyn_flow_approvalrequest_SyncErrors@odata.associationLink","msdyn_flow_approvalrequest_SyncErrors@odata.navigationLink","msdyn_flow_approvalrequest_DuplicateMatchingRecord@odata.associationLink","msdyn_flow_approvalrequest_DuplicateMatchingRecord@odata.navigationLink","msdyn_flow_approvalrequest_DuplicateBaseRecord@odata.associationLink","msdyn_flow_approvalrequest_DuplicateBaseRecord@odata.navigationLink","msdyn_flow_approvalrequest_AsyncOperations@odata.associationLink","msdyn_flow_approvalrequest_AsyncOperations@odata.navigationLink","msdyn_flow_approvalrequest_MailboxTrackingFolders@odata.associationLink","msdyn_flow_approvalrequest_MailboxTrackingFolders@odata.navigationLink","msdyn_flow_approvalrequest_UserEntityInstanceDatas@odata.associationLink","msdyn_flow_approvalrequest_UserEntityInstanceDatas@odata.navigationLink","msdyn_flow_approvalrequest_ProcessSession@odata.associationLink","msdyn_flow_approvalrequest_ProcessSession@odata.navigationLink","msdyn_flow_approvalrequest_BulkDeleteFailures@odata.associationLink","msdyn_flow_approvalrequest_BulkDeleteFailures@odata.navigationLink","msdyn_flow_approvalrequest_PrincipalObjectAttributeAccesses@odata.associationLink","msdyn_flow_approvalrequest_PrincipalObjectAttributeAccesses@odata.navigationLink","msdyn_flow_approvalrequest_reassignedfrom@odata.associationLink","msdyn_flow_approvalrequest_reassignedfrom@odata.navigationLink","msdyn_flow_approvalrequestrelationship_reassignment@odata.associationLink","msdyn_flow_approvalrequestrelationship_reassignment@odata.navigationLink"]}},"responses":{"type":"array","items":{"type":"object","properties":{"@@odata.type":{"type":"string"},"@@odata.id":{"type":"string"},"@@odata.etag":{"type":"string"},"@@odata.editLink":{"type":"string"},"_msdyn_flow_approvalresponse_approval_value@Microsoft.Dynamics.CRM.associatednavigationproperty":{"type":"string"},"_msdyn_flow_approvalresponse_approval_value@Microsoft.Dynamics.CRM.lookuplogicalname":{"type":"string"},"_msdyn_flow_approvalresponse_approval_value@odata.type":{"type":"string"},"_msdyn_flow_approvalresponse_approval_value":{"type":"string"},"versionnumber@OData.Community.Display.V1.FormattedValue":{"type":"string"},"versionnumber@odata.type":{"type":"string"},"versionnumber":{"type":"integer"},"_owningbusinessunit_value@OData.Community.Display.V1.FormattedValue":{"type":"string"},"_owningbusinessunit_value@Microsoft.Dynamics.CRM.associatednavigationproperty":{"type":"string"},"_owningbusinessunit_value@Microsoft.Dynamics.CRM.lookuplogicalname":{"type":"string"},"_owningbusinessunit_value@odata.type":{"type":"string"},"_owningbusinessunit_value":{"type":"string"},"_ownerid_value@OData.Community.Display.V1.FormattedValue":{"type":"string"},"_ownerid_value@Microsoft.Dynamics.CRM.associatednavigationproperty":{"type":"string"},"_ownerid_value@Microsoft.Dynamics.CRM.lookuplogicalname":{"type":"string"},"_ownerid_value@odata.type":{"type":"string"},"_ownerid_value":{"type":"string"},"msdyn_flow_approvalresponse_stage@OData.Community.Display.V1.FormattedValue":{"type":"string"},"msdyn_flow_approvalresponse_stage":{"type":"integer"},"statuscode@OData.Community.Display.V1.FormattedValue":{"type":"string"},"statuscode":{"type":"integer"},"_createdby_value@OData.Community.Display.V1.FormattedValue":{"type":"string"},"_createdby_value@Microsoft.Dynamics.CRM.lookuplogicalname":{"type":"string"},"_createdby_value@odata.type":{"type":"string"},"_createdby_value":{"type":"string"},"msdyn_flow_approvalresponseid@odata.type":{"type":"string"},"msdyn_flow_approvalresponseid":{"type":"string"},"msdyn_flow_approvalresponse_approvalstagekey":{"type":"string"},"msdyn_flow_approvalresponseidx_stage":{"type":"string"},"msdyn_flow_approvalresponse_response":{"type":"string"},"modifiedon@OData.Community.Display.V1.FormattedValue":{"type":"string"},"modifiedon@odata.type":{"type":"string"},"modifiedon":{"type":"string"},"_owninguser_value@Microsoft.Dynamics.CRM.lookuplogicalname":{"type":"string"},"_owninguser_value@odata.type":{"type":"string"},"_owninguser_value":{"type":"string"},"_modifiedby_value@OData.Community.Display.V1.FormattedValue":{"type":"string"},"_modifiedby_value@Microsoft.Dynamics.CRM.lookuplogicalname":{"type":"string"},"_modifiedby_value@odata.type":{"type":"string"},"_modifiedby_value":{"type":"string"},"msdyn_flow_approvalresponseidx_approvalid":{"type":"string"},"createdon@OData.Community.Display.V1.FormattedValue":{"type":"string"},"createdon@odata.type":{"type":"string"},"createdon":{"type":"string"},"statecode@OData.Community.Display.V1.FormattedValue":{"type":"string"},"statecode":{"type":"integer"},"msdyn_flow_approvalresponseidx_owninguserid":{"type":"string"},"msdyn_flow_approvalresponse_approval@odata.associationLink":{"type":"string"},"msdyn_flow_approvalresponse_approval@odata.navigationLink":{"type":"string"},"owningbusinessunit@odata.associationLink":{"type":"string"},"owningbusinessunit@odata.navigationLink":{"type":"string"},"ownerid@odata.associationLink":{"type":"string"},"ownerid@odata.navigationLink":{"type":"string"},"createdby@odata.associationLink":{"type":"string"},"createdby@odata.navigationLink":{"type":"string"},"createdonbehalfby@odata.associationLink":{"type":"string"},"createdonbehalfby@odata.navigationLink":{"type":"string"},"modifiedby@odata.associationLink":{"type":"string"},"modifiedby@odata.navigationLink":{"type":"string"},"modifiedonbehalfby@odata.associationLink":{"type":"string"},"modifiedonbehalfby@odata.navigationLink":{"type":"string"},"owninguser@odata.associationLink":{"type":"string"},"owninguser@odata.navigationLink":{"type":"string"},"owningteam@odata.associationLink":{"type":"string"},"owningteam@odata.navigationLink":{"type":"string"},"msdyn_flow_approvalresponse_SyncErrors@odata.associationLink":{"type":"string"},"msdyn_flow_approvalresponse_SyncErrors@odata.navigationLink":{"type":"string"},"msdyn_flow_approvalresponse_DuplicateMatchingRecord@odata.associationLink":{"type":"string"},"msdyn_flow_approvalresponse_DuplicateMatchingRecord@odata.navigationLink":{"type":"string"},"msdyn_flow_approvalresponse_DuplicateBaseRecord@odata.associationLink":{"type":"string"},"msdyn_flow_approvalresponse_DuplicateBaseRecord@odata.navigationLink":{"type":"string"},"msdyn_flow_approvalresponse_AsyncOperations@odata.associationLink":{"type":"string"},"msdyn_flow_approvalresponse_AsyncOperations@odata.navigationLink":{"type":"string"},"msdyn_flow_approvalresponse_MailboxTrackingFolders@odata.associationLink":{"type":"string"},"msdyn_flow_approvalresponse_MailboxTrackingFolders@odata.navigationLink":{"type":"string"},"msdyn_flow_approvalresponse_UserEntityInstanceDatas@odata.associationLink":{"type":"string"},"msdyn_flow_approvalresponse_UserEntityInstanceDatas@odata.navigationLink":{"type":"string"},"msdyn_flow_approvalresponse_ProcessSession@odata.associationLink":{"type":"string"},"msdyn_flow_approvalresponse_ProcessSession@odata.navigationLink":{"type":"string"},"msdyn_flow_approvalresponse_BulkDeleteFailures@odata.associationLink":{"type":"string"},"msdyn_flow_approvalresponse_BulkDeleteFailures@odata.navigationLink":{"type":"string"},"msdyn_flow_approvalresponse_PrincipalObjectAttributeAccesses@odata.associationLink":{"type":"string"},"msdyn_flow_approvalresponse_PrincipalObjectAttributeAccesses@odata.navigationLink":{"type":"string"}},"required":["@@odata.type","@@odata.id","@@odata.etag","@@odata.editLink","_msdyn_flow_approvalresponse_approval_value@Microsoft.Dynamics.CRM.associatednavigationproperty","_msdyn_flow_approvalresponse_approval_value@Microsoft.Dynamics.CRM.lookuplogicalname","_msdyn_flow_approvalresponse_approval_value@odata.type","_msdyn_flow_approvalresponse_approval_value","versionnumber@OData.Community.Display.V1.FormattedValue","versionnumber@odata.type","versionnumber","_owningbusinessunit_value@OData.Community.Display.V1.FormattedValue","_owningbusinessunit_value@Microsoft.Dynamics.CRM.associatednavigationproperty","_owningbusinessunit_value@Microsoft.Dynamics.CRM.lookuplogicalname","_owningbusinessunit_value@odata.type","_owningbusinessunit_value","_ownerid_value@OData.Community.Display.V1.FormattedValue","_ownerid_value@Microsoft.Dynamics.CRM.associatednavigationproperty","_ownerid_value@Microsoft.Dynamics.CRM.lookuplogicalname","_ownerid_value@odata.type","_ownerid_value","msdyn_flow_approvalresponse_stage@OData.Community.Display.V1.FormattedValue","msdyn_flow_approvalresponse_stage","statuscode@OData.Community.Display.V1.FormattedValue","statuscode","_createdby_value@OData.Community.Display.V1.FormattedValue","_createdby_value@Microsoft.Dynamics.CRM.lookuplogicalname","_createdby_value@odata.type","_createdby_value","msdyn_flow_approvalresponseid@odata.type","msdyn_flow_approvalresponseid","msdyn_flow_approvalresponse_approvalstagekey","msdyn_flow_approvalresponseidx_stage","msdyn_flow_approvalresponse_response","modifiedon@OData.Community.Display.V1.FormattedValue","modifiedon@odata.type","modifiedon","_owninguser_value@Microsoft.Dynamics.CRM.lookuplogicalname","_owninguser_value@odata.type","_owninguser_value","_modifiedby_value@OData.Community.Display.V1.FormattedValue","_modifiedby_value@Microsoft.Dynamics.CRM.lookuplogicalname","_modifiedby_value@odata.type","_modifiedby_value","msdyn_flow_approvalresponseidx_approvalid","createdon@OData.Community.Display.V1.FormattedValue","createdon@odata.type","createdon","statecode@OData.Community.Display.V1.FormattedValue","statecode","msdyn_flow_approvalresponseidx_owninguserid","msdyn_flow_approvalresponse_approval@odata.associationLink","msdyn_flow_approvalresponse_approval@odata.navigationLink","owningbusinessunit@odata.associationLink","owningbusinessunit@odata.navigationLink","ownerid@odata.associationLink","ownerid@odata.navigationLink","createdby@odata.associationLink","createdby@odata.navigationLink","createdonbehalfby@odata.associationLink","createdonbehalfby@odata.navigationLink","modifiedby@odata.associationLink","modifiedby@odata.navigationLink","modifiedonbehalfby@odata.associationLink","modifiedonbehalfby@odata.navigationLink","owninguser@odata.associationLink","owninguser@odata.navigationLink","owningteam@odata.associationLink","owningteam@odata.navigationLink","msdyn_flow_approvalresponse_SyncErrors@odata.associationLink","msdyn_flow_approvalresponse_SyncErrors@odata.navigationLink","msdyn_flow_approvalresponse_DuplicateMatchingRecord@odata.associationLink","msdyn_flow_approvalresponse_DuplicateMatchingRecord@odata.navigationLink","msdyn_flow_approvalresponse_DuplicateBaseRecord@odata.associationLink","msdyn_flow_approvalresponse_DuplicateBaseRecord@odata.navigationLink","msdyn_flow_approvalresponse_AsyncOperations@odata.associationLink","msdyn_flow_approvalresponse_AsyncOperations@odata.navigationLink","msdyn_flow_approvalresponse_MailboxTrackingFolders@odata.associationLink","msdyn_flow_approvalresponse_MailboxTrackingFolders@odata.navigationLink","msdyn_flow_approvalresponse_UserEntityInstanceDatas@odata.associationLink","msdyn_flow_approvalresponse_UserEntityInstanceDatas@odata.navigationLink","msdyn_flow_approvalresponse_ProcessSession@odata.associationLink","msdyn_flow_approvalresponse_ProcessSession@odata.navigationLink","msdyn_flow_approvalresponse_BulkDeleteFailures@odata.associationLink","msdyn_flow_approvalresponse_BulkDeleteFailures@odata.navigationLink","msdyn_flow_approvalresponse_PrincipalObjectAttributeAccesses@odata.associationLink","msdyn_flow_approvalresponse_PrincipalObjectAttributeAccesses@odata.navigationLink"]}}}}}}},"description":"Ensure Run Only User account has the Approval Administrators Security Role."},"connectionReferences":{"shared_commondataserviceforapps_1":{"connectionName":"shared-commondataser-72a03b0b-8cd1-4ee7-9fe7-87fcfd5b5ce3","source":"Embedded","id":"/providers/Microsoft.PowerApps/apis/shared_commondataserviceforapps","tier":"NotSpecified"}},"flowFailureAlertSubscribed":false,"isManaged":false}}