{
  "properties": {
    "connectionReferences": {
      "shared_sharepointonline": {
        "runtimeSource": "invoker",
        "connection": {
          "connectionReferenceLogicalName": "new_SharePointSiteToolssp_site_admin"
        },
        "api": {
          "name": "shared_sharepointonline"
        }
      }
    },
    "definition": {
      "$schema": "https://schema.management.azure.com/providers/Microsoft.Logic/schemas/2016-06-01/workflowdefinition.json#",
      "contentVersion": "1.0.0.0",
      "parameters": {
        "$authentication": {
          "defaultValue": {},
          "type": "SecureObject"
        },
        "$connections": {
          "defaultValue": {},
          "type": "Object"
        }
      },
      "triggers": {
        "manual": {
          "metadata": {
            "operationMetadataId": "dc492b44-77ea-4711-b7ac-a95d06dfc916"
          },
          "type": "Request",
          "kind": "Button",
          "inputs": {
            "schema": {
              "type": "object",
              "properties": {
                "text": {
                  "title": "Site URL",
                  "type": "string",
                  "x-ms-dynamically-added": true,
                  "description": "Full site URL",
                  "x-ms-content-hint": "TEXT"
                },
                "text_1": {
                  "title": "Label Name",
                  "type": "string",
                  "x-ms-dynamically-added": true,
                  "description": "Display name of the label",
                  "x-ms-content-hint": "TEXT"
                },
                "text_2": {
                  "title": "Label Id",
                  "type": "string",
                  "x-ms-dynamically-added": true,
                  "description": "Id of the label",
                  "x-ms-content-hint": "TEXT"
                }
              },
              "required": [
                "text",
                "text_1",
                "text_2"
              ]
            }
          }
        }
      },
      "actions": {
        "Try": {
          "actions": {
            "Query_for_group": {
              "type": "OpenApiConnection",
              "inputs": {
                "parameters": {
                  "dataset": "@triggerBody()?['text']",
                  "parameters/method": "GET",
                  "parameters/uri": "_api/site/GroupId"
                },
                "host": {
                  "apiId": "/providers/Microsoft.PowerApps/apis/shared_sharepointonline",
                  "connectionName": "shared_sharepointonline",
                  "operationId": "HttpRequest"
                },
                "authentication": {
                  "value": "@json(decodeBase64(triggerOutputs().headers['X-MS-APIM-Tokens']))['$ConnectionKey']",
                  "type": "Raw"
                }
              }
            },
            "Is_site_without_a_group": {
              "actions": {
                "Set_Site_Sensitivity_Label": {
                  "type": "OpenApiConnection",
                  "inputs": {
                    "parameters": {
                      "dataset": "@triggerBody()?['text']",
                      "parameters/method": "PATCH",
                      "parameters/uri": "_api/site",
                      "parameters/headers": {
                        "Content-Type": "application/json;odata=verbose",
                        "Accept": "application/json;odata=verbose"
                      },
                      "parameters/body": "{\n\"__metadata\":{\"type\":\"SP.Site\"},\n\"Classification\":\"@{triggerBody()?['text_1']}\",\n\"SensitivityLabelId\":\"@{triggerBody()?['text_2']}\"\n}"
                    },
                    "host": {
                      "apiId": "/providers/Microsoft.PowerApps/apis/shared_sharepointonline",
                      "connectionName": "shared_sharepointonline",
                      "operationId": "HttpRequest"
                    },
                    "authentication": {
                      "value": "@json(decodeBase64(triggerOutputs().headers['X-MS-APIM-Tokens']))['$ConnectionKey']",
                      "type": "Raw"
                    }
                  }
                }
              },
              "runAfter": {
                "Query_for_group": [
                  "Succeeded"
                ]
              },
              "else": {
                "actions": {
                  "Set_Group_Sensitivity_Label": {
                    "type": "OpenApiConnection",
                    "inputs": {
                      "parameters": {
                        "dataset": "@triggerBody()?['text']",
                        "parameters/method": "PATCH",
                        "parameters/uri": "_api/SP.Directory.DirectorySession/Group('@{body('Query_for_group')?['d/Id']}')",
                        "parameters/body": "{\n\"__metadata\": {\"type\":\"SP.Directory.Group\"},\n\"assignedLabels\": \"@{triggerBody()?['text_2']}\"\n}"
                      },
                      "host": {
                        "apiId": "/providers/Microsoft.PowerApps/apis/shared_sharepointonline",
                        "connectionName": "shared_sharepointonline",
                        "operationId": "HttpRequest"
                      },
                      "authentication": {
                        "value": "@json(decodeBase64(triggerOutputs().headers['X-MS-APIM-Tokens']))['$ConnectionKey']",
                        "type": "Raw"
                      }
                    }
                  }
                }
              },
              "expression": {
                "and": [
                  {
                    "equals": [
                      "@body('Query_for_group')?['d/GroupId']",
                      "00000000-0000-0000-0000-000000000000"
                    ]
                  }
                ]
              },
              "type": "If"
            },
            "Respond_true": {
              "runAfter": {
                "Is_site_without_a_group": [
                  "Succeeded"
                ]
              },
              "type": "Response",
              "kind": "PowerApp",
              "inputs": {
                "schema": {
                  "type": "object",
                  "properties": {
                    "success": {
                      "title": "Success",
                      "type": "boolean",
                      "x-ms-content-hint": "BOOLEAN",
                      "x-ms-dynamically-added": true
                    }
                  },
                  "additionalProperties": {}
                },
                "statusCode": 200,
                "body": {
                  "success": "@true"
                }
              }
            }
          },
          "runAfter": {},
          "type": "Scope"
        },
        "Catch": {
          "actions": {
            "Respond_false": {
              "type": "Response",
              "kind": "PowerApp",
              "inputs": {
                "schema": {
                  "type": "object",
                  "properties": {
                    "success": {
                      "title": "Success",
                      "type": "boolean",
                      "x-ms-content-hint": "BOOLEAN",
                      "x-ms-dynamically-added": true
                    }
                  },
                  "additionalProperties": {}
                },
                "statusCode": 200,
                "body": {
                  "success": "@false"
                }
              }
            }
          },
          "runAfter": {
            "Try": [
              "TimedOut",
              "Skipped",
              "Failed"
            ]
          },
          "type": "Scope"
        }
      }
    },
    "templateName": null
  },
  "schemaVersion": "1.0.0.0"
}