{
  "properties": {
    "connectionReferences": {
      "shared_sharepointonline_1": {
        "runtimeSource": "embedded",
        "connection": {
          "connectionReferenceLogicalName": "new_SharePointSiteToolssp_site_admin"
        },
        "api": {
          "name": "shared_sharepointonline"
        }
      }
    },
    "definition": {
      "$schema": "https://schema.management.azure.com/providers/Microsoft.Logic/schemas/2016-06-01/workflowdefinition.json#",
      "contentVersion": "1.0.0.0",
      "parameters": {
        "$connections": {
          "defaultValue": {},
          "type": "Object"
        },
        "$authentication": {
          "defaultValue": {},
          "type": "SecureObject"
        }
      },
      "triggers": {
        "manual": {
          "metadata": {
            "operationMetadataId": "7e1eb399-468b-4a09-8490-9d82167a93d8"
          },
          "type": "Request",
          "kind": "Button",
          "inputs": {
            "schema": {
              "type": "object",
              "properties": {
                "text": {
                  "title": "Email",
                  "type": "string",
                  "x-ms-dynamically-added": true,
                  "description": "Please enter your input",
                  "x-ms-content-hint": "TEXT"
                },
                "text_1": {
                  "title": "Group Name",
                  "type": "string",
                  "x-ms-dynamically-added": true,
                  "description": "Please enter your input",
                  "x-ms-content-hint": "TEXT"
                },
                "text_2": {
                  "title": "Site URL",
                  "type": "string",
                  "x-ms-dynamically-added": true,
                  "description": "Please enter your input",
                  "x-ms-content-hint": "TEXT"
                }
              },
              "required": [
                "text",
                "text_1",
                "text_2"
              ]
            }
          }
        }
      },
      "actions": {
        "Get_group_by_name": {
          "runAfter": {},
          "metadata": {
            "operationMetadataId": "1c602939-31b7-4209-a666-97ee9f228183"
          },
          "type": "OpenApiConnection",
          "inputs": {
            "host": {
              "apiId": "/providers/Microsoft.PowerApps/apis/shared_sharepointonline",
              "connectionName": "shared_sharepointonline_1",
              "operationId": "HttpRequest"
            },
            "parameters": {
              "dataset": "@triggerBody()['text_2']",
              "parameters/method": "GET",
              "parameters/uri": "_api/Web/SiteGroups?$filter=Title eq '@{triggerBody()['text_1']}'&$select=Id&$top=1"
            },
            "authentication": "@parameters('$authentication')"
          }
        },
        "Add_user_to_group": {
          "runAfter": {
            "Ensure_user_on_site": [
              "Succeeded"
            ]
          },
          "metadata": {
            "operationMetadataId": "b65dfb16-d4a4-493e-8006-261dff20ba17"
          },
          "type": "OpenApiConnection",
          "inputs": {
            "host": {
              "apiId": "/providers/Microsoft.PowerApps/apis/shared_sharepointonline",
              "connectionName": "shared_sharepointonline_1",
              "operationId": "HttpRequest"
            },
            "parameters": {
              "dataset": "@triggerBody()['text_2']",
              "parameters/method": "POST",
              "parameters/uri": "_api/web/sitegroups('@{first(outputs('Get_group_by_name')?['body']?['d/results'])?['Id']}')/users",
              "parameters/body": "{\n\"LoginName\": \"@{outputs('Ensure_user_on_site')?['body']?['d/LoginName']}\"\n}"
            },
            "authentication": "@parameters('$authentication')"
          }
        },
        "Respond_to_a_PowerApp_or_flow": {
          "runAfter": {
            "Add_user_to_group": [
              "Succeeded"
            ]
          },
          "metadata": {
            "operationMetadataId": "5028c275-cb2b-405f-992d-505c4126bf13"
          },
          "type": "Response",
          "kind": "PowerApp",
          "inputs": {
            "statusCode": 200,
            "body": {
              "groupid": "@{first(outputs('Get_group_by_name')?['body']?['d/results'])?['Id']}"
            },
            "schema": {
              "type": "object",
              "properties": {
                "groupid": {
                  "title": "GroupId",
                  "x-ms-dynamically-added": true,
                  "type": "string"
                }
              }
            }
          }
        },
        "Ensure_user_on_site": {
          "runAfter": {
            "Get_group_by_name": [
              "Succeeded"
            ]
          },
          "metadata": {
            "operationMetadataId": "d5e53342-bc8d-4756-9749-45618c9c7e3f"
          },
          "type": "OpenApiConnection",
          "inputs": {
            "host": {
              "apiId": "/providers/Microsoft.PowerApps/apis/shared_sharepointonline",
              "connectionName": "shared_sharepointonline_1",
              "operationId": "HttpRequest"
            },
            "parameters": {
              "dataset": "@triggerBody()['text_2']",
              "parameters/method": "POST",
              "parameters/uri": "_api/web/ensureuser('@{encodeUriComponent(concat('i:0#.f|membership|',triggerBody()['text']))}')"
            },
            "authentication": "@parameters('$authentication')"
          }
        }
      }
    },
    "templateName": null
  },
  "schemaVersion": "1.0.0.0"
}