{
  "properties": {
    "connectionReferences": {
      "shared_sharepointonline": {
        "runtimeSource": "embedded",
        "connection": {
          "connectionReferenceLogicalName": "new_SharePointSiteToolssp_site_admin"
        },
        "api": {
          "name": "shared_sharepointonline"
        }
      }
    },
    "definition": {
      "$schema": "https://schema.management.azure.com/providers/Microsoft.Logic/schemas/2016-06-01/workflowdefinition.json#",
      "contentVersion": "undefined",
      "parameters": {
        "$authentication": {
          "defaultValue": {},
          "type": "SecureObject"
        },
        "$connections": {
          "defaultValue": {},
          "type": "Object"
        }
      },
      "triggers": {
        "manual": {
          "type": "Request",
          "kind": "Button",
          "inputs": {
            "schema": {
              "type": "object",
              "properties": {
                "text": {
                  "description": "Please enter your input",
                  "title": "SiteUrl",
                  "type": "string",
                  "x-ms-content-hint": "TEXT",
                  "x-ms-dynamically-added": true
                }
              },
              "required": [
                "text"
              ]
            }
          }
        }
      },
      "actions": {
        "Do_until": {
          "actions": {
            "Send_an_HTTP_request_to_SharePoint": {
              "runAfter": {
                "Delay": [
                  "Succeeded"
                ]
              },
              "type": "OpenApiConnection",
              "inputs": {
                "parameters": {
                  "dataset": "https://m365x67607287.sharepoint.com",
                  "parameters/method": "GET",
                  "parameters/uri": "/_api/SPSiteManager/status?url='@{encodeUriComponent(triggerBody()?['text'])}'",
                  "parameters/headers": {
                    "accept": "application/json;odata.metadata=none",
                    "odata-version": "4.0"
                  }
                },
                "host": {
                  "apiId": "/providers/Microsoft.PowerApps/apis/shared_sharepointonline",
                  "operationId": "HttpRequest",
                  "connectionName": "shared_sharepointonline"
                }
              }
            },
            "Parse_JSON": {
              "runAfter": {
                "Send_an_HTTP_request_to_SharePoint": [
                  "Succeeded"
                ]
              },
              "type": "ParseJson",
              "inputs": {
                "content": "@body('Send_an_HTTP_request_to_SharePoint')",
                "schema": {
                  "type": "object",
                  "properties": {
                    "SiteId": {
                      "type": "string"
                    },
                    "SiteStatus": {
                      "type": "integer"
                    },
                    "SiteUrl": {
                      "type": "string"
                    }
                  }
                }
              },
              "description": "0 - Not Found. The site doesn't exist.\n1 - Provisioning. The site is currently being provisioned.\n2 - Ready. The site has been created.\n3 - Error. An error occurred while provisioning the site.\n4 - Site with requested URL already exist."
            },
            "Delay": {
              "type": "Wait",
              "inputs": {
                "interval": {
                  "count": 10,
                  "unit": "Second"
                }
              }
            },
            "Condition": {
              "actions": {
                "Set_variable": {
                  "type": "SetVariable",
                  "inputs": {
                    "name": "Continue Loop",
                    "value": false
                  }
                }
              },
              "runAfter": {
                "Parse_JSON": [
                  "Succeeded"
                ]
              },
              "else": {
                "actions": {}
              },
              "expression": {
                "or": [
                  {
                    "equals": [
                      "@body('Parse_JSON')?['SiteStatus']",
                      2
                    ]
                  },
                  {
                    "equals": [
                      "@body('Parse_JSON')?['SiteStatus']",
                      4
                    ]
                  }
                ]
              },
              "type": "If"
            }
          },
          "runAfter": {
            "Initialize_Continue_Loop": [
              "Succeeded"
            ]
          },
          "expression": "@equals(variables('Continue Loop'),false)",
          "limit": {
            "count": 4176,
            "timeout": "P29D"
          },
          "type": "Until",
          "description": "0 - Not Found. The site doesn't exist.\n1 - Provisioning. The site is currently being provisioned.\n2 - Ready. The site has been created.\n3 - Error. An error occurred while provisioning the site.\n4 - Site with requested URL already exist."
        },
        "Compose": {
          "runAfter": {
            "Do_until": [
              "Succeeded"
            ]
          },
          "type": "Compose",
          "inputs": "@body('Parse_JSON')?['SiteUrl']"
        },
        "Initialize_Continue_Loop": {
          "runAfter": {},
          "type": "InitializeVariable",
          "inputs": {
            "variables": [
              {
                "name": "Continue Loop",
                "type": "boolean",
                "value": true
              }
            ]
          }
        }
      }
    },
    "templateName": null
  },
  "schemaVersion": "1.0.0.0"
}