{
  "properties": {
    "connectionReferences": {
      "shared_sharepointonline": {
        "runtimeSource": "embedded",
        "connection": {
          "connectionReferenceLogicalName": "new_SharePointSiteToolssp_site_admin"
        },
        "api": {
          "name": "shared_sharepointonline"
        }
      },
      "shared_office365groups": {
        "runtimeSource": "embedded",
        "connection": {
          "connectionReferenceLogicalName": "new_sharedoffice365groups_d2795"
        },
        "api": {
          "name": "shared_office365groups"
        }
      }
    },
    "definition": {
      "$schema": "https://schema.management.azure.com/providers/Microsoft.Logic/schemas/2016-06-01/workflowdefinition.json#",
      "contentVersion": "1.0.0.0",
      "parameters": {
        "$connections": {
          "defaultValue": {},
          "type": "Object"
        },
        "$authentication": {
          "defaultValue": {},
          "type": "SecureObject"
        }
      },
      "triggers": {
        "manual": {
          "metadata": {
            "operationMetadataId": "172b8e81-acee-413a-a86f-8234976d4cdc"
          },
          "type": "Request",
          "kind": "Button",
          "inputs": {
            "schema": {
              "type": "object",
              "properties": {
                "text": {
                  "title": "Site URL",
                  "type": "string",
                  "x-ms-dynamically-added": true,
                  "description": "Please enter your input",
                  "x-ms-content-hint": "TEXT"
                }
              },
              "required": [
                "text"
              ]
            }
          }
        }
      },
      "actions": {
        "Initialize_Admins_Collection": {
          "runAfter": {},
          "metadata": {
            "operationMetadataId": "5fdcc22c-399a-430f-ac95-c70437928735"
          },
          "type": "InitializeVariable",
          "inputs": {
            "variables": [
              {
                "name": "Admins Collection",
                "type": "array",
                "value": []
              }
            ]
          }
        },
        "Get_site_collection_admins": {
          "runAfter": {
            "Initialize_Admins_Collection": [
              "Succeeded"
            ]
          },
          "metadata": {
            "operationMetadataId": "37746a3e-a708-407a-be70-aa84d8fcc1b4"
          },
          "type": "OpenApiConnection",
          "inputs": {
            "host": {
              "apiId": "/providers/Microsoft.PowerApps/apis/shared_sharepointonline",
              "connectionName": "shared_sharepointonline",
              "operationId": "HttpRequest"
            },
            "parameters": {
              "dataset": "@triggerBody()['text']",
              "parameters/method": "GET",
              "parameters/uri": "_api/web/SiteUsers?$filter=IsSiteAdmin eq true&$select=PrincipalType,Email,UserPrincipalName,Title,LoginName"
            },
            "authentication": "@parameters('$authentication')"
          }
        },
        "Site_Admins_Response": {
          "runAfter": {
            "Get_site_collection_admins": [
              "Succeeded"
            ]
          },
          "metadata": {
            "operationMetadataId": "ee05de7e-06c2-4459-92f2-43917255108a"
          },
          "type": "ParseJson",
          "inputs": {
            "content": "@body('Get_site_collection_admins')",
            "schema": {
              "type": "object",
              "properties": {
                "d": {
                  "type": "object",
                  "properties": {
                    "results": {
                      "type": "array",
                      "items": {
                        "type": "object",
                        "properties": {
                          "LoginName": {
                            "type": "string"
                          },
                          "Title": {
                            "type": "string"
                          },
                          "PrincipalType": {
                            "type": "integer"
                          },
                          "Email": {
                            "type": "string"
                          },
                          "UserPrincipalName": {
                            "type": [
                              "string",
                              "null"
                            ]
                          }
                        }
                      }
                    }
                  }
                }
              }
            }
          }
        },
        "For_each_admin": {
          "foreach": "@body('Site_Admins_Response')?['d']?['results']",
          "actions": {
            "Switch_on_PrincipalType": {
              "runAfter": {},
              "cases": {
                "Case_User": {
                  "case": 1,
                  "actions": {
                    "Append_User_to_Site_Admins": {
                      "runAfter": {},
                      "metadata": {
                        "operationMetadataId": "d13d603e-690d-4a5d-8ca2-62c9e63dba93"
                      },
                      "type": "AppendToArrayVariable",
                      "inputs": {
                        "name": "Admins Collection",
                        "value": {
                          "DisplayName": "@{items('For_each_admin')?['Title']}",
                          "UPN": "@{items('For_each_admin')?['UserPrincipalName']}"
                        }
                      }
                    }
                  }
                },
                "Case_Security_Group": {
                  "case": 4,
                  "actions": {
                    "Compose_Group_Id": {
                      "runAfter": {},
                      "metadata": {
                        "operationMetadataId": "098a7db2-4827-4633-b7dd-c30797202c4f"
                      },
                      "type": "Compose",
                      "inputs": "@split(split(item()?['LoginName'],'|')[2],'_')[0]"
                    },
                    "Get_group_owners": {
                      "runAfter": {
                        "Compose_Group_Id": [
                          "Succeeded"
                        ]
                      },
                      "metadata": {
                        "operationMetadataId": "02fd5999-dc8c-4082-ab1f-604121ad9f86"
                      },
                      "type": "OpenApiConnection",
                      "inputs": {
                        "host": {
                          "apiId": "/providers/Microsoft.PowerApps/apis/shared_office365groups",
                          "connectionName": "shared_office365groups",
                          "operationId": "HttpRequestV2"
                        },
                        "parameters": {
                          "Uri": "https://graph.microsoft.com/v1.0/groups/@{outputs('Compose_Group_Id')}/owners?$select=displayName,userPrincipalName",
                          "Method": "GET",
                          "ContentType": "application/json"
                        },
                        "authentication": "@parameters('$authentication')"
                      }
                    },
                    "Group_Owners_Response": {
                      "runAfter": {
                        "Get_group_owners": [
                          "Succeeded"
                        ]
                      },
                      "metadata": {
                        "operationMetadataId": "9d3b5dbe-9503-4a04-aa3b-0798e95795e5"
                      },
                      "type": "ParseJson",
                      "inputs": {
                        "content": "@body('Get_group_owners')",
                        "schema": {
                          "type": "object",
                          "properties": {
                            "value": {
                              "type": "array",
                              "items": {
                                "type": "object",
                                "properties": {
                                  "displayName": {
                                    "type": "string"
                                  },
                                  "userPrincipalName": {
                                    "type": "string"
                                  }
                                }
                              }
                            }
                          }
                        }
                      }
                    },
                    "For_each_group_owner": {
                      "foreach": "@body('Group_Owners_Response')?['value']",
                      "actions": {
                        "Append_to_array_variable": {
                          "runAfter": {},
                          "metadata": {
                            "operationMetadataId": "644188e6-ba8b-4b9d-be36-a0014ba2e097"
                          },
                          "type": "AppendToArrayVariable",
                          "inputs": {
                            "name": "Admins Collection",
                            "value": {
                              "DisplayName": "@{items('For_each_group_owner')?['displayName']}",
                              "UPN": "@{items('For_each_group_owner')?['userPrincipalName']}"
                            }
                          }
                        }
                      },
                      "runAfter": {
                        "Group_Owners_Response": [
                          "Succeeded"
                        ]
                      },
                      "metadata": {
                        "operationMetadataId": "e5d845a7-59d1-4dc7-a92c-46257cc24149"
                      },
                      "type": "Foreach"
                    }
                  }
                }
              },
              "default": {
                "actions": {}
              },
              "expression": "@items('For_each_admin')?['PrincipalType']",
              "metadata": {
                "operationMetadataId": "2526060d-600c-432d-a1ab-d5378c37e27a"
              },
              "type": "Switch"
            }
          },
          "runAfter": {
            "Site_Admins_Response": [
              "Succeeded"
            ]
          },
          "metadata": {
            "operationMetadataId": "33fd296a-c18f-419e-bbb0-bc04c3308126"
          },
          "type": "Foreach"
        },
        "Respond_to_a_PowerApp_or_flow": {
          "runAfter": {
            "For_each_admin": [
              "Succeeded"
            ]
          },
          "metadata": {
            "operationMetadataId": "cc2cf3b8-5499-4f4d-9b78-d83a6b881197"
          },
          "type": "Response",
          "kind": "PowerApp",
          "inputs": {
            "statusCode": 200,
            "body": {
              "admins": "@{union(variables('Admins Collection'),variables('Admins Collection'))}"
            },
            "schema": {
              "type": "object",
              "properties": {
                "admins": {
                  "title": "admins",
                  "x-ms-dynamically-added": true,
                  "type": "string"
                }
              }
            }
          }
        }
      }
    },
    "templateName": null
  },
  "schemaVersion": "1.0.0.0"
}