{
  "properties": {
    "connectionReferences": {
      "shared_azurequeues": {
        "runtimeSource": "embedded",
        "connection": {
          "connectionReferenceLogicalName": "new_sharedazurequeues_0372c"
        },
        "api": {
          "name": "shared_azurequeues"
        }
      }
    },
    "definition": {
      "$schema": "https://schema.management.azure.com/providers/Microsoft.Logic/schemas/2016-06-01/workflowdefinition.json#",
      "contentVersion": "1.0.0.0",
      "parameters": {
        "$authentication": {
          "defaultValue": {},
          "type": "SecureObject"
        },
        "$connections": {
          "defaultValue": {},
          "type": "Object"
        }
      },
      "triggers": {
        "manual": {
          "metadata": {
            "operationMetadataId": "a31e6923-56b1-4b82-9199-bfab14b88ad9"
          },
          "type": "Request",
          "kind": "Button",
          "inputs": {
            "schema": {
              "type": "object",
              "properties": {
                "text": {
                  "title": "SiteUrl",
                  "type": "string",
                  "x-ms-dynamically-added": true,
                  "description": "Please enter your input",
                  "x-ms-content-hint": "TEXT"
                },
                "text_1": {
                  "title": "Template",
                  "type": "string",
                  "x-ms-dynamically-added": true,
                  "description": "Please enter your input",
                  "x-ms-content-hint": "TEXT"
                }
              },
              "required": [
                "text",
                "text_1"
              ]
            }
          }
        }
      },
      "actions": {
        "Compose": {
          "runAfter": {},
          "metadata": {
            "operationMetadataId": "4da08cea-0e8f-4ad9-a7ac-cbde14bba1be"
          },
          "type": "Compose",
          "inputs": {
            "SiteUrl": "@{triggerBody()['text']}",
            "TemplateName": "@{triggerBody()?['text_1']}"
          }
        },
        "Put_a_message_on_a_queue_(V2)": {
          "runAfter": {
            "Compose": [
              "Succeeded"
            ]
          },
          "metadata": {
            "operationMetadataId": "c0f5e4c7-e3b5-4b5f-9cd8-510863fb66da"
          },
          "type": "OpenApiConnection",
          "inputs": {
            "parameters": {
              "queueName": "applypnpsitetemplate",
              "storageAccountName": "AccountNameFromSettings",
              "message": "@string(outputs('Compose'))"
            },
            "host": {
              "apiId": "/providers/Microsoft.PowerApps/apis/shared_azurequeues",
              "connectionName": "shared_azurequeues",
              "operationId": "PutMessage_V2"
            },
            "authentication": "@parameters('$authentication')"
          }
        },
        "Respond_to_a_PowerApp_or_flow": {
          "runAfter": {
            "Put_a_message_on_a_queue_(V2)": [
              "Succeeded"
            ]
          },
          "metadata": {
            "operationMetadataId": "b6ae2429-ffec-47e6-9122-af5f6cbc057b"
          },
          "type": "Response",
          "kind": "PowerApp",
          "inputs": {
            "schema": {
              "type": "object",
              "properties": {},
              "additionalProperties": {}
            },
            "statusCode": 200,
            "body": {}
          }
        }
      }
    },
    "templateName": null
  },
  "schemaVersion": "1.0.0.0"
}