{
  "properties": {
    "connectionReferences": {
      "shared_sharepointonline": {
        "runtimeSource": "embedded",
        "connection": {
          "connectionReferenceLogicalName": "new_SharePointSiteToolssp_site_admin"
        },
        "api": {
          "name": "shared_sharepointonline"
        }
      }
    },
    "definition": {
      "$schema": "https://schema.management.azure.com/providers/Microsoft.Logic/schemas/2016-06-01/workflowdefinition.json#",
      "contentVersion": "1.0.0.0",
      "parameters": {
        "$connections": {
          "defaultValue": {},
          "type": "Object"
        },
        "$authentication": {
          "defaultValue": {},
          "type": "SecureObject"
        }
      },
      "triggers": {
        "manual": {
          "metadata": {
            "operationMetadataId": "77d15de2-b844-4e97-9686-bbfc16b6c92f"
          },
          "type": "Request",
          "kind": "Button",
          "inputs": {
            "schema": {
              "type": "object",
              "properties": {
                "text": {
                  "title": "List Title",
                  "type": "string",
                  "x-ms-dynamically-added": true,
                  "description": "List display name",
                  "x-ms-content-hint": "TEXT"
                },
                "text_1": {
                  "title": "Column Title",
                  "type": "string",
                  "x-ms-dynamically-added": true,
                  "description": "Column display name",
                  "x-ms-content-hint": "TEXT"
                },
                "text_2": {
                  "title": "Site URL",
                  "type": "string",
                  "x-ms-dynamically-added": true,
                  "description": "Path to the site",
                  "x-ms-content-hint": "TEXT"
                }
              },
              "required": [
                "text",
                "text_1",
                "text_2"
              ]
            }
          }
        }
      },
      "actions": {
        "Try": {
          "actions": {
            "Get_List_Column": {
              "runAfter": {},
              "metadata": {
                "operationMetadataId": "b7bb93de-94fd-4279-a143-3bb802ae35af"
              },
              "type": "OpenApiConnection",
              "inputs": {
                "host": {
                  "apiId": "/providers/Microsoft.PowerApps/apis/shared_sharepointonline",
                  "connectionName": "shared_sharepointonline",
                  "operationId": "HttpRequest"
                },
                "parameters": {
                  "dataset": "@triggerBody()['text_2']",
                  "parameters/method": "GET",
                  "parameters/uri": "_api/web/lists/getbytitle('@{triggerBody()['text']}')/fields/getbytitle('@{triggerBody()['text_1']}')"
                },
                "authentication": "@parameters('$authentication')"
              }
            },
            "Column_Info": {
              "runAfter": {
                "Get_List_Column": [
                  "Succeeded"
                ]
              },
              "metadata": {
                "operationMetadataId": "5fe64a06-05b6-4b33-9843-f60613c3a91b"
              },
              "type": "ParseJson",
              "inputs": {
                "content": "@body('Get_List_Column')",
                "schema": {
                  "type": "object",
                  "properties": {
                    "d": {
                      "type": "object",
                      "properties": {
                        "__metadata": {
                          "type": "object",
                          "properties": {
                            "id": {
                              "type": "string"
                            },
                            "uri": {
                              "type": "string"
                            },
                            "type": {
                              "type": "string"
                            }
                          }
                        },
                        "DescriptionResource": {
                          "type": "object",
                          "properties": {
                            "__deferred": {
                              "type": "object",
                              "properties": {
                                "uri": {
                                  "type": "string"
                                }
                              }
                            }
                          }
                        },
                        "TitleResource": {
                          "type": "object",
                          "properties": {
                            "__deferred": {
                              "type": "object",
                              "properties": {
                                "uri": {
                                  "type": "string"
                                }
                              }
                            }
                          }
                        },
                        "AutoIndexed": {
                          "type": "boolean"
                        },
                        "CanBeDeleted": {
                          "type": "boolean"
                        },
                        "ClientSideComponentId": {
                          "type": "string"
                        },
                        "ClientSideComponentProperties": {},
                        "ClientValidationFormula": {},
                        "ClientValidationMessage": {},
                        "CustomFormatter": {},
                        "DefaultFormula": {},
                        "DefaultValue": {},
                        "Description": {
                          "type": "string"
                        },
                        "Direction": {
                          "type": "string"
                        },
                        "EnforceUniqueValues": {
                          "type": "boolean"
                        },
                        "EntityPropertyName": {
                          "type": "string"
                        },
                        "Filterable": {
                          "type": "boolean"
                        },
                        "FromBaseType": {
                          "type": "boolean"
                        },
                        "Group": {
                          "type": "string"
                        },
                        "Hidden": {
                          "type": "boolean"
                        },
                        "Id": {
                          "type": "string"
                        },
                        "Indexed": {
                          "type": "boolean"
                        },
                        "IndexStatus": {
                          "type": "integer"
                        },
                        "InternalName": {
                          "type": "string"
                        },
                        "IsModern": {
                          "type": "boolean"
                        },
                        "JSLink": {
                          "type": "string"
                        },
                        "PinnedToFiltersPane": {
                          "type": "boolean"
                        },
                        "ReadOnlyField": {
                          "type": "boolean"
                        },
                        "Required": {
                          "type": "boolean"
                        },
                        "SchemaXml": {
                          "type": "string"
                        },
                        "Scope": {
                          "type": "string"
                        },
                        "Sealed": {
                          "type": "boolean"
                        },
                        "ShowInFiltersPane": {
                          "type": "integer"
                        },
                        "Sortable": {
                          "type": "boolean"
                        },
                        "StaticName": {
                          "type": "string"
                        },
                        "Title": {
                          "type": "string"
                        },
                        "FieldTypeKind": {
                          "type": "integer"
                        },
                        "TypeAsString": {
                          "type": "string"
                        },
                        "TypeDisplayName": {
                          "type": "string"
                        },
                        "TypeShortDescription": {
                          "type": "string"
                        },
                        "ValidationFormula": {},
                        "ValidationMessage": {},
                        "DateTimeCalendarType": {
                          "type": "integer"
                        },
                        "DateFormat": {},
                        "DisplayFormat": {
                          "type": "integer"
                        },
                        "FriendlyDisplayFormat": {
                          "type": "integer"
                        },
                        "TimeFormat": {}
                      }
                    }
                  }
                }
              }
            },
            "Create_Column_Index": {
              "runAfter": {
                "Column_Info": [
                  "Succeeded"
                ]
              },
              "metadata": {
                "operationMetadataId": "d52ee793-8a5a-477f-b67b-d82bf67b903b"
              },
              "type": "OpenApiConnection",
              "inputs": {
                "host": {
                  "apiId": "/providers/Microsoft.PowerApps/apis/shared_sharepointonline",
                  "connectionName": "shared_sharepointonline",
                  "operationId": "HttpRequest"
                },
                "parameters": {
                  "dataset": "@triggerBody()['text_2']",
                  "parameters/method": "PATCH",
                  "parameters/uri": "@replace(body('Column_Info')?['d']?['__metadata']?['uri'],triggerBody()['text_2'],'')",
                  "parameters/headers": {
                    "IF-MATCH": "*",
                    "Content-Type": "application/json;odata=verbose"
                  },
                  "parameters/body": "{\n\"__metadata\": { \"type\": \"@{body('Column_Info')?['d']?['__metadata']?['type']}\" },\n\"Indexed\": true\n}"
                },
                "authentication": "@parameters('$authentication')"
              }
            },
            "Respond_true": {
              "runAfter": {
                "Create_Column_Index": [
                  "Succeeded"
                ]
              },
              "metadata": {
                "operationMetadataId": "a48d0248-5cff-47ee-bf7c-79cb709f161d"
              },
              "type": "Response",
              "kind": "PowerApp",
              "inputs": {
                "statusCode": 200,
                "body": {
                  "success": "@{true}"
                },
                "schema": {
                  "type": "object",
                  "properties": {
                    "success": {
                      "title": "Success",
                      "x-ms-dynamically-added": true,
                      "type": "boolean"
                    }
                  }
                }
              }
            }
          },
          "runAfter": {},
          "metadata": {
            "operationMetadataId": "82e5dba9-7878-4876-80ec-69aa0b121621"
          },
          "type": "Scope"
        },
        "Catch": {
          "actions": {
            "Respond_false": {
              "runAfter": {},
              "metadata": {
                "operationMetadataId": "2d893e2b-8f3b-401b-a13e-36f5d26ce982"
              },
              "type": "Response",
              "kind": "PowerApp",
              "inputs": {
                "statusCode": 200,
                "body": {
                  "success": "@false"
                },
                "schema": {
                  "type": "object",
                  "properties": {
                    "success": {
                      "title": "Success",
                      "x-ms-dynamically-added": true,
                      "type": "boolean"
                    }
                  }
                }
              }
            }
          },
          "runAfter": {
            "Try": [
              "Failed",
              "Skipped",
              "TimedOut"
            ]
          },
          "metadata": {
            "operationMetadataId": "f5bd9af1-677b-4e2d-8c72-38182964bc12"
          },
          "type": "Scope"
        }
      }
    },
    "templateName": null
  },
  "schemaVersion": "1.0.0.0"
}