{
  "properties": {
    "connectionReferences": {
      "shared_keyvault-2": {
        "runtimeSource": "embedded",
        "connection": {
          "connectionReferenceLogicalName": "new_SharePointSecretsKeyvault"
        },
        "api": {
          "name": "shared_keyvault"
        }
      }
    },
    "definition": {
      "$schema": "https://schema.management.azure.com/providers/Microsoft.Logic/schemas/2016-06-01/workflowdefinition.json#",
      "contentVersion": "1.0.0.0",
      "parameters": {
        "$authentication": {
          "defaultValue": {},
          "type": "SecureObject"
        },
        "$connections": {
          "defaultValue": {},
          "type": "Object"
        },
        "SharePoint Service Account Email (new_SharePointServiceAccountEmail)": {
          "defaultValue": "serviceaccount@trlingen.tk",
          "type": "String",
          "metadata": {
            "schemaName": "new_SharePointServiceAccountEmail"
          }
        },
        "SharePoint App Registration - Client ID (new_SharePointAppRegistrationClientID)": {
          "defaultValue": "cf4048fc-37fb-49b6-aa9b-975c8500be59",
          "type": "String",
          "metadata": {
            "schemaName": "new_SharePointAppRegistrationClientID"
          }
        },
        "Tenant Id (new_TenantId)": {
          "defaultValue": "4e2c0a7e-91a7-4c7f-9ba3-5eb81c88cb8f",
          "type": "String",
          "metadata": {
            "schemaName": "new_TenantId"
          }
        },
        "Certificate Secret Name (new_CertificateSecretName)": {
          "defaultValue": "app-Collaboration-Provisioning-cert",
          "type": "String",
          "metadata": {
            "schemaName": "new_CertificateSecretName"
          }
        }
      },
      "triggers": {
        "manual": {
          "metadata": {
            "operationMetadataId": "dddb65bc-663e-43ac-b724-586523c541ec"
          },
          "type": "Request",
          "kind": "Button",
          "inputs": {
            "schema": {
              "type": "object",
              "properties": {
                "text": {
                  "description": "Full site URL",
                  "title": "Site URL",
                  "type": "string",
                  "x-ms-content-hint": "TEXT",
                  "x-ms-dynamically-added": true
                }
              },
              "required": [
                "text"
              ]
            }
          }
        }
      },
      "actions": {
        "Try": {
          "actions": {
            "Get_certificate_copy": {
              "type": "OpenApiConnection",
              "inputs": {
                "parameters": {
                  "secretName": "@parameters('Certificate Secret Name (new_CertificateSecretName)')"
                },
                "host": {
                  "apiId": "/providers/Microsoft.PowerApps/apis/shared_keyvault",
                  "connectionName": "shared_keyvault-2",
                  "operationId": "GetSecret"
                },
                "authentication": {
                  "value": "@json(decodeBase64(triggerOutputs().headers['X-MS-APIM-Tokens']))['$ConnectionKey']",
                  "type": "Raw"
                }
              }
            },
            "Get_service_account_site_info": {
              "runAfter": {
                "Get_certificate_copy": [
                  "Succeeded"
                ]
              },
              "type": "Http",
              "inputs": {
                "uri": "@{triggerBody()?['text']}/_api/Web/siteusers/getbyemail('@{parameters('SharePoint Service Account Email (new_SharePointServiceAccountEmail)')}')",
                "method": "POST",
                "headers": {
                  "Content-Type": "application/json;odata=verbose",
                  "Accept": "application/json;odata=verbose"
                },
                "body": {
                  "logonName": "i:0#.f|membership|@{parameters('SharePoint Service Account Email (new_SharePointServiceAccountEmail)')}"
                },
                "authentication": {
                  "type": "ActiveDirectoryOAuth",
                  "authority": "https://login.microsoftonline.com/",
                  "tenant": "@{parameters('Tenant Id (new_TenantId)')}",
                  "audience": "https://@{split(triggerBody()?['text'])[2]}",
                  "clientId": "@{parameters('SharePoint App Registration - Client ID (new_SharePointAppRegistrationClientID)')}",
                  "pfx": "@{outputs('Get_certificate_copy')?['body/value']}",
                  "password": ""
                }
              }
            },
            "Make_Service_Account_Site_Admin": {
              "runAfter": {
                "Get_service_account_site_info": [
                  "Succeeded"
                ]
              },
              "type": "Http",
              "inputs": {
                "uri": "@{triggerBody()?['text']}/_api/web/siteusers/removebyid('@{body('Get_service_account_site_info')?['d/Id']}')",
                "method": "POST",
                "headers": {
                  "Content-Type": "application/json;odata=verbose",
                  "Accept": "application/json;odata=verbose",
                  "X-HTTP-Method": "MERGE"
                },
                "authentication": {
                  "type": "ActiveDirectoryOAuth",
                  "authority": "https://login.microsoftonline.com/",
                  "tenant": "@{parameters('Tenant Id (new_TenantId)')}",
                  "audience": "https://@{split(triggerBody()?['text'])[2]}",
                  "clientId": "@{parameters('SharePoint App Registration - Client ID (new_SharePointAppRegistrationClientID)')}",
                  "pfx": "@{outputs('Get_certificate_copy')?['body/value']}",
                  "password": ""
                }
              }
            },
            "Respond_success": {
              "runAfter": {
                "Make_Service_Account_Site_Admin": [
                  "Succeeded"
                ]
              },
              "type": "Response",
              "kind": "PowerApp",
              "inputs": {
                "schema": {
                  "type": "object",
                  "properties": {
                    "success": {
                      "title": "Success",
                      "type": "boolean",
                      "x-ms-content-hint": "BOOLEAN",
                      "x-ms-dynamically-added": true
                    }
                  },
                  "additionalProperties": {}
                },
                "statusCode": 200,
                "body": {
                  "success": "@true"
                }
              }
            }
          },
          "runAfter": {},
          "type": "Scope"
        },
        "Catch": {
          "actions": {
            "Terminate": {
              "type": "Terminate",
              "inputs": {
                "runStatus": "Failed"
              }
            }
          },
          "runAfter": {
            "Try": [
              "TimedOut",
              "Skipped",
              "Failed"
            ]
          },
          "type": "Scope"
        }
      }
    },
    "templateName": null
  },
  "schemaVersion": "1.0.0.0"
}