{
  "properties": {
    "connectionReferences": {
      "shared_sharepointonline": {
        "runtimeSource": "embedded",
        "connection": {
          "connectionReferenceLogicalName": "crdb7_EmailTemplateConnection"
        },
        "api": {
          "name": "shared_sharepointonline"
        }
      }
    },
    "definition": {
      "$schema": "https://schema.management.azure.com/providers/Microsoft.Logic/schemas/2016-06-01/workflowdefinition.json#",
      "contentVersion": "1.0.0.0",
      "parameters": {
        "$connections": {
          "defaultValue": {},
          "type": "Object"
        },
        "$authentication": {
          "defaultValue": {},
          "type": "SecureObject"
        }
      },
      "triggers": {
        "manual": {
          "metadata": {
            "operationMetadataId": "46ba4a9e-8df8-402e-abab-ab5deb138805"
          },
          "type": "Request",
          "kind": "Button",
          "inputs": {
            "schema": {
              "type": "object",
              "properties": {
                "text": {
                  "title": "Source Site URL",
                  "type": "string",
                  "x-ms-dynamically-added": true,
                  "description": "URL of the SharePoint site that has the page you want to copy (i.e. https://tenant.sharepoint.com/sites/sitename)",
                  "x-ms-content-hint": "TEXT"
                },
                "text_1": {
                  "title": "Source Page Filename",
                  "type": "string",
                  "x-ms-dynamically-added": true,
                  "description": "The filename of the page in the source you want to copy (i.e. Home.aspx)",
                  "x-ms-content-hint": "TEXT"
                },
                "text_2": {
                  "title": "Destination Site URL",
                  "type": "string",
                  "x-ms-dynamically-added": true,
                  "description": "URL of the SharePoint site where you want the page to be copied to (i.e. https://tenant.sharepoint.com/sites/sitename)",
                  "x-ms-content-hint": "TEXT"
                }
              },
              "required": [
                "text",
                "text_1",
                "text_2"
              ]
            }
          }
        }
      },
      "actions": {
        "Copy_file": {
          "runAfter": {},
          "metadata": {
            "operationMetadataId": "a96afff7-4c55-45d1-8c59-32e3ba1a7823"
          },
          "type": "OpenApiConnection",
          "inputs": {
            "host": {
              "connectionName": "shared_sharepointonline",
              "operationId": "CopyFileAsync",
              "apiId": "/providers/Microsoft.PowerApps/apis/shared_sharepointonline"
            },
            "parameters": {
              "dataset": "@triggerBody()['text']",
              "parameters/sourceFileId": "/SitePages/@{triggerBody()['text_1']}",
              "parameters/destinationDataset": "@triggerBody()['text_2']",
              "parameters/destinationFolderPath": "/SitePages",
              "parameters/nameConflictBehavior": 2
            },
            "authentication": {
              "type": "Raw",
              "value": "@json(decodeBase64(triggerOutputs().headers['X-MS-APIM-Tokens']))['$ConnectionKey']"
            }
          }
        },
        "Respond_to_a_PowerApp_or_flow": {
          "runAfter": {
            "Copy_file": [
              "Succeeded"
            ]
          },
          "metadata": {
            "operationMetadataId": "4091ed0a-e0bd-4c61-b55e-121bdb8658c1"
          },
          "type": "Response",
          "kind": "PowerApp",
          "inputs": {
            "statusCode": 200,
            "body": {},
            "schema": {
              "type": "object",
              "properties": {}
            }
          }
        }
      }
    },
    "templateName": ""
  },
  "schemaVersion": "1.0.0.0"
}