{
  "properties": {
    "connectionReferences": {
      "shared_sharepointonline": {
        "runtimeSource": "invoker",
        "connection": {
          "connectionReferenceLogicalName": "crdb7_EmailTemplateConnection"
        },
        "api": {
          "name": "shared_sharepointonline"
        }
      }
    },
    "definition": {
      "$schema": "https://schema.management.azure.com/providers/Microsoft.Logic/schemas/2016-06-01/workflowdefinition.json#",
      "contentVersion": "1.0.0.0",
      "parameters": {
        "$connections": {
          "defaultValue": {},
          "type": "Object"
        },
        "$authentication": {
          "defaultValue": {},
          "type": "SecureObject"
        }
      },
      "triggers": {
        "manual": {
          "splitOn": "@triggerBody()['rows']",
          "metadata": {
            "operationMetadataId": "296eb2a5-b495-4b1d-9907-0b5e6d873fe5"
          },
          "type": "Request",
          "kind": "ApiConnection",
          "inputs": {
            "schema": {
              "type": "object",
              "properties": {
                "rows": {
                  "type": "array",
                  "items": {
                    "type": "object",
                    "properties": {
                      "text": {
                        "title": "Destination Site URL",
                        "type": "string",
                        "x-ms-dynamically-added": true,
                        "description": "URL of the SharePoint site where you want the page to be copied to (i.e. https://tenant.sharepoint.com/sites/sitename)",
                        "x-ms-content-hint": "TEXT"
                      },
                      "entity": {
                        "type": "object",
                        "properties": {
                          "fileName": {
                            "title": "fileName",
                            "type": "string"
                          }
                        },
                        "required": [
                          "fileName"
                        ]
                      }
                    },
                    "required": [
                      "text",
                      "entity"
                    ]
                  }
                }
              },
              "required": [
                "rows"
              ]
            },
            "host": {
              "connection": {
                "name": "@parameters('$connections')['shared_sharepointonline']['connectionId']"
              }
            },
            "operationId": "GetItemHybridTriggerSchema",
            "parameters": {
              "dataset": "https://m365x731247.sharepoint.com/sites/PowerAppDemo",
              "table": "a4250ee1-79ac-4e01-85fd-bb6eb2b0f89d"
            }
          }
        }
      },
      "actions": {
        "Run_a_Child_Flow": {
          "runAfter": {},
          "metadata": {
            "operationMetadataId": "39923e17-19e0-4618-a66e-32e47a5c1e1f"
          },
          "type": "Workflow",
          "inputs": {
            "host": {
              "workflowReferenceName": "cdd4d209-ef7a-ed11-81ac-6045bd006cbd"
            },
            "body": {
              "text": "https://m365x731247.sharepoint.com/sites/PowerAppDemo",
              "text_1": "@triggerBody()?['entity']?['fileName']",
              "text_2": "@triggerBody()['text']"
            }
          }
        }
      }
    },
    "templateName": ""
  },
  "schemaVersion": "1.0.0.0"
}