{"schemaVersion":"1.0","appDefinitionTemplate":{"id":"/providers/Microsoft.PowerApps/apps/","type":"Microsoft.PowerApps/apps","tags":{"primaryDeviceWidth":"1366","primaryDeviceHeight":"768","supportsPortrait":"true","supportsLandscape":"true","primaryFormFactor":"Tablet","publisherVersion":"3.22043.14","minimumRequiredApiVersion":"2.2.0","hasComponent":"false","hasUnlockedComponent":"false","isUnifiedRootApp":"false","sienaVersion":"20220503T155955Z-3.22043.14.0"},"properties":{"appVersion":"2022-05-03T15:59:55Z","lifeCycleId":"Published","createdByClientVersion":{"major":3,"minor":22043,"build":14,"revision":0,"majorRevision":0,"minorRevision":0},"minClientVersion":{"major":3,"minor":22043,"build":14,"revision":0,"majorRevision":0,"minorRevision":0},"backgroundColor":"RGBA(0,176,240,1)","backgroundImageUri":"/2434293728499276737/N0e4fdde1-7d1d-4a0d-a619-56fd1a67a853-logoSmallFile","displayName":"Approval Center","description":"","commitMessage":"","appUris":{"documentUri":{"value":"/2434293728499276737/Nc2cc75f1-fe17-4cad-9a77-c5911de85e51-document.msapp"},"imageUris":[],"additionalUris":[]},"createdTime":"0001-01-01T00:00:00Z","lastModifiedTime":"0001-01-01T00:00:00Z","sharedGroupsCount":0,"sharedUsersCount":0,"icons":{"smallIconUri":"/2434293728499276737/Na82cbbc3-1110-4700-97df-5c30397cd6dd-small.png","mediumIconUri":"/2434293728499276737/Na20f4ba9-adcf-48b8-89a5-63afedb42f0f-medium.png","largeIconUri":"/2434293728499276737/Nf822b2b4-f0ed-48a1-b710-e6c2e00b6d83-large.png","wideIconUri":"/2434293728499276737/N4cdf52ea-dcfe-4eed-af8c-c946f42865be-wide.png"},"connectionReferences":{"0054e3b2-aaba-4fdc-87eb-cf12ea18f974":{"id":"fff26e5d-08f1-483d-9222-5b3ea3807fcd","displayName":"Logic flows","iconUri":"https://connectoricons-prod.azureedge.net/releases/v1.0.1534/1.0.1534.2605/logicflows/icon.png","dataSources":["GetApprovalRequestforApproval"],"dependencies":["28124632-1932-4a42-afa3-a3f320c1f075"],"dependents":[],"parameterHints":{"workflowName":{"value":"8a364a0e-4be3-4d7e-b04c-fc60d692d916"},"workflowEntityId":{},"28124632-1932-4a42-afa3-a3f320c1f075":{"value":"shared_commondataserviceforapps_1"}},"parameterHintsV2":{"workflowName":{"value":"8a364a0e-4be3-4d7e-b04c-fc60d692d916"},"workflowEntityId":{},"shared_commondataserviceforapps_1":{"value":"28124632-1932-4a42-afa3-a3f320c1f075"}},"isOnPremiseConnection":false,"bypassConsent":false,"dataSets":{},"apiTier":"Standard","isCustomApiConnection":false,"actions":["Run"],"nestedActions":[{"id":"/providers/Microsoft.PowerApps/apis/shared_commondataserviceforapps/apiOperations/ListRecords","apiName":"Microsoft Dataverse","actionName":"ListRecords","referencedResources":[]}]},"28124632-1932-4a42-afa3-a3f320c1f075":{"id":"8e3e5a1d-4b7a-46df-b014-f5544a5045f5","displayName":"Microsoft Dataverse","iconUri":"https://connectoricons-prod.azureedge.net/releases/v1.0.1566/1.0.1566.2741/commondataserviceforapps/icon.png","dataSources":[],"dependencies":[],"dependents":["0054e3b2-aaba-4fdc-87eb-cf12ea18f974"],"parameterHints":{},"parameterHintsV2":{},"isOnPremiseConnection":false,"bypassConsent":false,"dataSets":{},"apiTier":"Premium","isCustomApiConnection":false}},"databaseReferences":{"default.cds":{"databaseDetails":{"referenceType":"Environmental","environmentName":"default.cds","overrideValues":{"status":"NotSpecified"}},"dataSources":{"Approvals":{"entitySetName":"msdyn_flow_approvals","logicalName":"msdyn_flow_approval"},"Approval Requests":{"entitySetName":"msdyn_flow_approvalrequests","logicalName":"msdyn_flow_approvalrequest"},"Users":{"entitySetName":"systemusers","logicalName":"systemuser"},"Approval Responses":{"entitySetName":"msdyn_flow_approvalresponses","logicalName":"msdyn_flow_approvalresponse"}},"actions":["providers/PowerPlatform.Governance/Operations/Read"]}},"almMode":"Environment","performanceOptimizationEnabled":true,"canConsumeAppPass":true,"executionRestrictions":{"isTeamsOnly":false,"dataLossPreventionEvaluationResult":{"status":"Compliant","lastEvaluationDate":"2022-05-03T16:00:15.2631301Z","violations":[],"violationsByPolicy":[],"violationErrorMessage":"The app uses the following connectors: shared_logicflows, shared_commondataserviceforapps, shared_commondataservice."},"httpActionRestriction":{"appUsesSharepointHttpAction":false,"enforcementStrategy":"Legacy","evaluationTime":"2022-05-03T16:00:15.2631301Z"}}},"appType":"ClassicCanvasApp","appComponents":[]}}