{"schemaVersion":"1.0","appDefinitionTemplate":{"id":"/providers/Microsoft.PowerApps/apps/","type":"Microsoft.PowerApps/apps","tags":{"primaryDeviceWidth":"1366","primaryDeviceHeight":"768","sienaVersion":"20220330T195526Z-3.22022.31.0","deviceCapabilities":"","supportsPortrait":"true","supportsLandscape":"true","primaryFormFactor":"Tablet","publisherVersion":"3.22022.31","minimumRequiredApiVersion":"2.2.0","hasComponent":"false","hasUnlockedComponent":"false","isUnifiedRootApp":"false"},"properties":{"appVersion":"2022-03-30T19:55:26Z","lifeCycleId":"Published","createdByClientVersion":{"major":3,"minor":22022,"build":31,"revision":0,"majorRevision":0,"minorRevision":0},"minClientVersion":{"major":3,"minor":22022,"build":31,"revision":0,"majorRevision":0,"minorRevision":0},"backgroundColor":"RGBA(0,176,240,1)","backgroundImageUri":"/1751897036911762993/N0b358ed3-c9bb-4b5d-ac1b-367b87a446cb-logoSmallFile","displayName":"SP File Upload","description":"","commitMessage":"","appUris":{"documentUri":{"value":"/1751897036911762993/N7bb414bf-12b1-4418-afb5-dd1a95713ebe-document.msapp"},"imageUris":[],"additionalUris":[]},"createdTime":"0001-01-01T00:00:00Z","lastModifiedTime":"0001-01-01T00:00:00Z","sharedGroupsCount":0,"sharedUsersCount":0,"icons":{"smallIconUri":"/1751897036911762993/N66b910b1-bd2a-4fdc-83ec-73db5a2b3a54-small.png","mediumIconUri":"/1751897036911762993/Ncdac9af9-ed31-4a55-8a7c-bccbb7a53c2d-medium.png","largeIconUri":"/1751897036911762993/N123018ca-5bce-4c74-9d40-9ad88b855667-large.png","wideIconUri":"/1751897036911762993/N2bbe4ea6-a7a0-4445-99dd-881d380a7d67-wide.png"},"connectionReferences":{"87571b3c-4e5b-4ddc-ab9e-1bb9ed8eace2":{"id":"75bd8812-c0da-4694-b01b-42dfc464e170","displayName":"Logic flows","iconUri":"https://connectoricons-prod.azureedge.net/releases/v1.0.1534/1.0.1534.2605/logicflows/icon.png","dataSources":["SPAppFileUpload"],"dependencies":["a6d6f337-909a-471a-8210-15b05bd86095"],"dependents":[],"parameterHints":{"workflowName":{"value":"6e3360be-ffc4-4500-8b43-bb95b0a821f4"},"workflowEntityId":{},"a6d6f337-909a-471a-8210-15b05bd86095":{"value":"shared_sharepointonline"}},"parameterHintsV2":{"workflowName":{"value":"6e3360be-ffc4-4500-8b43-bb95b0a821f4"},"workflowEntityId":{},"shared_sharepointonline":{"value":"a6d6f337-909a-471a-8210-15b05bd86095"}},"isOnPremiseConnection":false,"bypassConsent":false,"dataSets":{},"apiTier":"Standard","isCustomApiConnection":false,"actions":["Run"],"nestedActions":[{"id":"/providers/Microsoft.PowerApps/apis/shared_sharepointonline/apiOperations/CreateFile","apiName":"SharePoint","actionName":"CreateFile","referencedResources":[{"key":"site","value":"https://m365x731247.sharepoint.com/sites/WFDemoState"}]}]},"a6d6f337-909a-471a-8210-15b05bd86095":{"id":"bd0f983e-1711-4e3b-ba2c-09a26b321615","displayName":"SharePoint","iconUri":"https://connectoricons-prod.azureedge.net/releases/v1.0.1563/1.0.1563.2732/sharepointonline/icon.png","dataSources":[],"dependencies":[],"dependents":["87571b3c-4e5b-4ddc-ab9e-1bb9ed8eace2"],"parameterHints":{},"parameterHintsV2":{},"isOnPremiseConnection":false,"bypassConsent":false,"dataSets":{},"apiTier":"Standard","isCustomApiConnection":false}},"databaseReferences":{},"almMode":"Environment","performanceOptimizationEnabled":true,"canConsumeAppPass":true,"executionRestrictions":{"isTeamsOnly":false,"dataLossPreventionEvaluationResult":{"status":"Compliant","lastEvaluationDate":"2022-03-30T19:55:45.9677642Z","violations":[],"violationsByPolicy":[],"violationErrorMessage":"The app uses the following connectors: shared_logicflows, shared_sharepointonline."},"httpActionRestriction":{"appUsesSharepointHttpAction":false,"enforcementStrategy":"Legacy","evaluationTime":"2022-03-30T19:55:45.9677642Z"}}},"appType":"ClassicCanvasApp","appComponents":[]}}