{"name":"cd338aa1-1578-4e3b-86fd-cc1cd5ecec33","id":"/providers/Microsoft.Flow/flows/cd338aa1-1578-4e3b-86fd-cc1cd5ecec33","type":"Microsoft.Flow/flows","properties":{"apiId":"/providers/Microsoft.PowerApps/apis/shared_logicflows","displayName":"SP App File Upload","definition":{"metadata":{"workflowEntityId":null,"processAdvisorMetadata":null,"flowclientsuspensionreason":"None","flowclientsuspensiontime":null,"flowclientsuspensionreasondetails":null,"creator":{"id":"5c393d8c-0640-4485-9be1-9092ae29caa3","type":"User","tenantId":"5b52477b-6502-4b3c-8c70-3e3ff25efc07"},"provisioningMethod":"FromDefinition","failureAlertSubscription":true,"clientLastModifiedTime":"2022-12-14T18:53:29.7469945Z"},"$schema":"https://schema.management.azure.com/providers/Microsoft.Logic/schemas/2016-06-01/workflowdefinition.json#","contentVersion":"1.0.0.0","parameters":{"$connections":{"defaultValue":{},"type":"Object"},"$authentication":{"defaultValue":{},"type":"SecureObject"}},"triggers":{"manual":{"metadata":{"operationMetadataId":"631b54cb-6aba-4b33-8017-48f7323116b5"},"type":"Request","kind":"PowerApp","inputs":{"schema":{"type":"object","properties":{"Createfile_FileName":{"type":"string","description":"Name of the file.","x-ms-powerflows-param-ispartial":false},"Createfile_FileContent":{"type":"string","format":"binary","description":"Content of the file.","x-ms-powerflows-param-ispartial":false}},"required":["Createfile_FileName","Createfile_FileContent"]}}}},"actions":{"Create_file":{"runAfter":{"Initialize_SP_Site_URL":["Succeeded"]},"metadata":{"operationMetadataId":"9024ddbc-813d-4f1d-8d32-36edd953df8e"},"type":"OpenApiConnection","inputs":{"host":{"apiId":"/providers/Microsoft.PowerApps/apis/shared_sharepointonline","connectionName":"shared_sharepointonline","operationId":"CreateFile"},"parameters":{"dataset":"@variables('SP Site URL')","folderPath":"/Shared Documents","name":"@triggerBody()['Createfile_FileName']","body":"@base64ToBinary(split(body('Parse_JSON')?['testvalue'],'base64,')[1])"},"authentication":{"value":"@json(decodeBase64(triggerOutputs().headers['X-MS-APIM-Tokens']))['$ConnectionKey']","type":"Raw"}},"runtimeConfiguration":{"contentTransfer":{"transferMode":"Chunked"}}},"Respond_to_a_PowerApp_or_flow":{"runAfter":{"Create_file":["Succeeded"]},"metadata":{"operationMetadataId":"7c22aab8-51e9-4b1a-b363-3af01dbbb7f0"},"type":"Response","kind":"PowerApp","inputs":{"statusCode":200,"body":{},"schema":{"type":"object","properties":{}}}},"Parse_JSON":{"runAfter":{},"metadata":{"operationMetadataId":"5416e166-ca72-4ea7-a2c1-5c51cea0c9a8"},"type":"ParseJson","inputs":{"content":"@triggerBody()['Createfile_FileContent']","schema":{"type":"object","properties":{"testvalue":{"type":"string"}}}}},"Initialize_SP_Site_URL":{"runAfter":{"Parse_JSON":["Succeeded"]},"metadata":{"operationMetadataId":"2a18dbe1-9ab3-4f2a-b782-3d6bfc89ed96"},"type":"InitializeVariable","inputs":{"variables":[{"name":"SP Site URL","type":"string"}]}}}},"connectionReferences":{"shared_sharepointonline":{"connectionName":"shared-sharepointonl-ad68c318-370a-4f41-94d3-89b3-9047903a","source":"Invoker","id":"/providers/Microsoft.PowerApps/apis/shared_sharepointonline","tier":"NotSpecified"}},"flowFailureAlertSubscribed":false,"isManaged":false}}