{"name":"b4c25e9d-1715-426b-808b-e6f53c3f1f67","id":"/providers/Microsoft.Flow/flows/b4c25e9d-1715-426b-808b-e6f53c3f1f67","type":"Microsoft.Flow/flows","properties":{"apiId":"/providers/Microsoft.PowerApps/apis/shared_logicflows","displayName":"Email To SharePoint Page With News Link","definition":{"metadata":{"workflowEntityId":null,"processAdvisorMetadata":null,"flowclientsuspensionreason":"None","flowclientsuspensiontime":null,"flowclientsuspensionreasondetails":null,"creator":{"id":"5c393d8c-0640-4485-9be1-9092ae29caa3","type":"User","tenantId":"5b52477b-6502-4b3c-8c70-3e3ff25efc07"},"provisioningMethod":"FromDefinition","failureAlertSubscription":true,"clientLastModifiedTime":"2022-12-14T20:28:42.447236Z"},"$schema":"https://schema.management.azure.com/providers/Microsoft.Logic/schemas/2016-06-01/workflowdefinition.json#","contentVersion":"1.0.0.0","parameters":{"$connections":{"defaultValue":{},"type":"Object"},"$authentication":{"defaultValue":{},"type":"SecureObject"}},"triggers":{"When_a_new_email_arrives_(V3)":{"splitOn":"@triggerOutputs()?['body/value']","metadata":{"operationMetadataId":"cad581db-07c2-44e4-86a5-faf2e1c4d0e0"},"type":"OpenApiConnectionNotification","inputs":{"host":{"apiId":"/providers/Microsoft.PowerApps/apis/shared_office365","connectionName":"shared_office365","operationId":"OnNewEmailV3"},"parameters":{"folderPath":"Inbox","includeAttachments":true,"importance":"Any","fetchOnlyWithAttachment":false},"authentication":"@parameters('$authentication')"}}},"actions":{"Initialize_bodyContent":{"runAfter":{"Initialize_Site_URL":["Succeeded"]},"metadata":{"operationMetadataId":"bc5a1422-5aa8-4875-a2c9-62ac474a6c22"},"type":"InitializeVariable","inputs":{"variables":[{"name":"bodyContent","type":"string","value":"@triggerOutputs()?['body/body']"}]}},"Initialize_tempBody":{"runAfter":{"Initialize_bodyContent":["Succeeded"]},"metadata":{"operationMetadataId":"8b6f73dd-ba9a-46ab-b903-2f18613f798b"},"type":"InitializeVariable","inputs":{"variables":[{"name":"tempBody","type":"string","value":"@variables('bodyContent')"}]},"description":"Must be used because you cannot set a variable that is also referenced as a value expression"},"For_each_email_image":{"foreach":"@triggerOutputs()?['body/attachments']","actions":{"Save_email_image":{"runAfter":{},"metadata":{"operationMetadataId":"eeaf1e0c-60b9-4e37-b4d9-753683d815c2"},"type":"OpenApiConnection","inputs":{"host":{"apiId":"/providers/Microsoft.PowerApps/apis/shared_sharepointonline","connectionName":"shared_sharepointonline","operationId":"CreateFile"},"parameters":{"dataset":"@variables('Site URL')","folderPath":"/SiteAssets/SitePages/@{outputs('Create_file_stub')?['body/ItemId']}_@{triggerOutputs()?['body/subject']}","name":"@items('For_each_email_image')?['name']","body":"@base64ToBinary(items('For_each_email_image')?['contentBytes'])"},"authentication":"@parameters('$authentication')"},"runtimeConfiguration":{"contentTransfer":{"transferMode":"Chunked"}}},"Set_tempBody":{"runAfter":{"Save_email_image":["Succeeded"]},"metadata":{"operationMetadataId":"221a6000-ae0d-4a92-8f42-96ed0c95e8c7"},"type":"SetVariable","inputs":{"name":"tempBody","value":"@{replace(variables('bodyContent'),concat('cid:',items('For_each_email_image')?['contentId']),concat(variables('Site URL'),outputs('Save_email_image')?['body/Path']))}"}},"Set_bodyContent":{"runAfter":{"Set_tempBody":["Succeeded"]},"metadata":{"operationMetadataId":"d2d3be55-f569-4638-aa53-ae707876f238"},"type":"SetVariable","inputs":{"name":"bodyContent","value":"@variables('tempBody')"}}},"runAfter":{"Create_file_stub":["Succeeded"]},"metadata":{"operationMetadataId":"09812af8-cf66-47a1-bf22-2d7d13618f47"},"type":"Foreach","runtimeConfiguration":{"concurrency":{"repetitions":1}}},"Create_News_Link":{"runAfter":{"Obtain_banner_image":["Succeeded"]},"metadata":{"operationMetadataId":"8b499bb1-53cd-45b0-ba92-8f84958768d1"},"type":"OpenApiConnection","inputs":{"host":{"apiId":"/providers/Microsoft.PowerApps/apis/shared_sharepointonline","connectionName":"shared_sharepointonline","operationId":"HttpRequest"},"parameters":{"dataset":"@variables('Site URL')","parameters/method":"POST","parameters/uri":"_api/sitepages/pages/reposts","parameters/headers":{"Accept":"application/json;odata=verbose","Content-Type":"application/json;odata=verbose"},"parameters/body":"{\n\"__metadata\": { \"type\": \"SP.Publishing.RepostPage\" },\n\"BannerImageUrl\": \"@{outputs('Obtain_banner_image')?['body']?['d']?['ThumbnailUrl']}\",\n\"Description\": \"test\",\n\"IsBannerImageUrlExternal\": true,\n\"OriginalSourceUrl\": \"@{variables('Site URL')}/SitePages/@{outputs('Create_file_stub')?['body/ItemId']}_@{triggerOutputs()?['body/subject']}.aspx\",\n\"Title\": \"@{triggerOutputs()?['body/subject']}\",\n\"ShouldSaveAsDraft\": false\n}"},"authentication":"@parameters('$authentication')"}},"Initialize_Site_URL":{"runAfter":{},"metadata":{"operationMetadataId":"1d54d14e-b5cd-4c4f-8c91-24407b5843a1"},"type":"InitializeVariable","inputs":{"variables":[{"name":"Site URL","type":"string","value":"https://m365x731247.sharepoint.com/teams/test-site-30"}]}},"Create_file_stub":{"runAfter":{"Initialize_tempBody":["Succeeded"]},"metadata":{"operationMetadataId":"6d2f5639-56d2-45ff-97c2-d67bae98a3cb"},"type":"OpenApiConnection","inputs":{"host":{"apiId":"/providers/Microsoft.PowerApps/apis/shared_sharepointonline","connectionName":"shared_sharepointonline","operationId":"CreateFile"},"parameters":{"dataset":"@variables('Site URL')","folderPath":"/SitePages","name":"@{triggerOutputs()?['body/subject']}.aspx","body":"stub file content"},"authentication":"@parameters('$authentication')"},"description":"Create file to get the list item id so that we can create a uniquely named folder for storing images. We will later rename the page to prepend the id as part of the file name..","runtimeConfiguration":{"contentTransfer":{"transferMode":"Chunked"}}},"Rename_file":{"runAfter":{"Update_file_content":["Succeeded"]},"metadata":{"operationMetadataId":"445eba94-754f-48c6-aebf-c3d5f2a802b7"},"type":"OpenApiConnection","inputs":{"host":{"apiId":"/providers/Microsoft.PowerApps/apis/shared_sharepointonline","connectionName":"shared_sharepointonline","operationId":"HttpRequest"},"parameters":{"dataset":"@variables('Site URL')","parameters/method":"POST","parameters/uri":"_api/web/lists/getbyTitle('Site Pages')/items(@{outputs('Create_file_stub')?['body/ItemId']})","parameters/headers":{"Content-Type":"application/json;odata=verbose","IF-MATCH":"*","X-HTTP-Method":"MERGE","Accept":"application/json;odata=verbose"},"parameters/body":"{\n\"__metadata\": {\"type\": \"SP.Data.SitePagesItem\"},\n\"FileLeafRef\":\"@{outputs('Create_file_stub')?['body/ItemId']}_@{triggerOutputs()?['body/subject']}.aspx\"\n}"},"authentication":"@parameters('$authentication')"}},"Update_file_content":{"runAfter":{"For_each_email_image":["Succeeded"]},"metadata":{"operationMetadataId":"31258174-1e7a-457d-9107-bd75ee83aef6"},"type":"OpenApiConnection","inputs":{"host":{"apiId":"/providers/Microsoft.PowerApps/apis/shared_sharepointonline","connectionName":"shared_sharepointonline","operationId":"UpdateFile"},"parameters":{"dataset":"@variables('Site URL')","id":"@outputs('Create_file_stub')?['body/Id']","body":"@variables('bodyContent')"},"authentication":"@parameters('$authentication')"}},"Obtain_banner_image":{"runAfter":{"Rename_file":["Succeeded"]},"metadata":{"operationMetadataId":"8586b512-1b85-4222-8ac2-c6b01fe1b68c"},"type":"OpenApiConnection","inputs":{"host":{"apiId":"/providers/Microsoft.PowerApps/apis/shared_sharepointonline","connectionName":"shared_sharepointonline","operationId":"HttpRequest"},"parameters":{"dataset":"@variables('Site URL')","parameters/method":"GET","parameters/uri":"_api/SP.Publishing.EmbedService/EmbedData?url=@{concat('%27',encodeUriComponent(concat(variables('Site URL'),'/sitepages/',outputs('Create_file_stub')?['body/ItemId'],'_',triggerOutputs()?['body/subject'],'.aspx')),'%27')}&version=1&bannerImageUrl=true","parameters/headers":{"Accept":"applilcation/json;odata.metadata=minimal"}},"authentication":"@parameters('$authentication')"}}},"description":"This flow will save an email as a page in SharePoint, extracting images as site assets. It will then create a news link to the newly created page."},"connectionReferences":{"shared_sharepointonline":{"connectionName":"shared-sharepointonl-ad68c318-370a-4f41-94d3-89b3-9047903a","source":"Embedded","id":"/providers/Microsoft.PowerApps/apis/shared_sharepointonline","tier":"NotSpecified"},"shared_office365":{"connectionName":"shared-office365-ac9e8de3-b8ca-44a5-a947-8ed2-d0e00e1f","source":"Embedded","id":"/providers/Microsoft.PowerApps/apis/shared_office365","tier":"NotSpecified"}},"flowFailureAlertSubscribed":false,"isManaged":false}}